Date Reported,Time Committed,Weather Conditions,Barangay/Location,Type of Place,VTA Category,Victim Killed,Victim Injured?,Victim Unharmed,"Main Cause (e.g. Human, Vehicle, Infrastructure, Environmental)",Details of Main Cause (e.g.  Human-Intoxication),Case Status,Road Conditions
5/1/2021,9:00:00 AM,clear,ENGINEERS' HILL,Along the street,RECKLESS IMPRUDENCE RESULTING TO DAMAGE TO PROPERTY - RPC Art 365,No,No,Yes,Environmental,Erosion of Roadside,SOLVED (SUSPECT IDENTIFIED-VICTIM REFUSED TO FILE CHARGES),dry
3/1/2021,6:50:00 AM,foggy,OUTLOOK DRIVE,Along the street,RECKLESS IMPRUDENCE RESULTING TO DAMAGE TO PROPERTY - RPC Art 365,No,No,Yes,Environmental,Fallen Tree on Road,SOLVED (SUSPECT IDENTIFIED-VICTIM REFUSED TO FILE CHARGES),damp
2/1/2021,12:05:00 PM,rainy,ENGINEERS' HILL,Along the street,RECKLESS IMPRUDENCE RESULTING TO DAMAGE TO PROPERTY - RPC Art 365,No,No,Yes,Traffic Management Factors,Traffic Congestion,SOLVED (SUSPECT IDENTIFIED-VICTIM REFUSED TO FILE CHARGES),wet
2/1/2021,9:30:00 AM,foggy,LUALHATI,Along the street,RECKLESS IMPRUDENCE RESULTING TO DAMAGE TO PROPERTY - RPC Art 365,No,No,Yes,Human Error,Speeding,SOLVED (SUSPECT IDENTIFIED-VICTIM REFUSED TO FILE CHARGES),damp
4/1/2021,1:50:00 AM,clear,ST. JOSEPH (NAVY BASE),Along the street,RECKLESS IMPRUDENCE RESULTING TO DAMAGE TO PROPERTY - RPC Art 365,No,No,Yes,Human Error,Illegal Overtaking,SOLVED (AMICABLY SETTLED),dry
5/1/2021,9:30:00 AM,rainy,PACDAL,Along the street,RECKLESS IMPRUDENCE RESULTING TO DAMAGE TO PROPERTY - RPC Art 365,No,No,Yes,Traffic Management Factors,Blocked Intersection,SOLVED (AMICABLY SETTLED),wet
7/1/2021,1:00:00 AM,rainy,RIZAL MONUMENT AREA,Along the street,RECKLESS IMPRUDENCE RESULTING TO DAMAGE TO PROPERTY - RPC Art 365,No,No,Yes,Environmental,Slippery Road due to Rain,SOLVED (AMICABLY SETTLED),wet
7/1/2021,2:43:00 AM,foggy,RIZAL MONUMENT AREA,Along the street,RECKLESS IMPRUDENCE RESULTING TO DAMAGE TO PROPERTY - RPC Art 365,No,Yes,No,Human Error,Speeding,SOLVED (SUSPECT IDENTIFIED-VICTIM REFUSED TO FILE CHARGES),damp
7/1/2021,6:25:00 AM,rainy,PACDAL,Along the street,RECKLESS IMPRUDENCE RESULTING TO DAMAGE TO PROPERTY - RPC Art 365,No,No,Yes,Environmental,Erosion of Roadside,SOLVED (AMICABLY SETTLED),wet
9/1/2021,7:40:00 AM,clear,AZCKO,Along the street,RECKLESS IMPRUDENCE RESULTING TO DAMAGE TO PROPERTY - RPC Art 365,No,No,Yes,Traffic Management Factors,Construction Without Warning Signs,SOLVED (AMICABLY SETTLED),dry
9/1/2021,10:30:00 AM,rainy,OUTLOOK DRIVE,Along the street,RECKLESS IMPRUDENCE RESULTING TO DAMAGE TO PROPERTY - RPC Art 365,No,No,Yes,Human Error,Inattention,SOLVED (AMICABLY SETTLED),wet
11/1/2021,12:30:00 PM,foggy,SALUD MITRA,Along the street,RECKLESS IMPRUDENCE RESULTING TO DAMAGE TO PROPERTY - RPC Art 365,No,No,Yes,Traffic Management Factors,Traffic Congestion,SOLVED (SUSPECT IDENTIFIED-VICTIM REFUSED TO FILE CHARGES),damp
9/1/2021,7:20:00 AM,clear,HOLY GHOST PROPER,Along the street,RECKLESS IMPRUDENCE RESULTING TO DAMAGE TO PROPERTY - RPC Art 365,No,No,Yes,Traffic Management Factors,Blocked Intersection,SOLVED (AMICABLY SETTLED),dry
12/1/2021,12:30:00 PM,clear,SESSION GOV. PACK,Along the street,RECKLESS IMPRUDENCE RESULTING TO DAMAGE TO PROPERTY - RPC Art 365,No,No,Yes,Environmental,Fallen Tree on Road,SOLVED (AMICABLY SETTLED),dry
11/1/2021,9:00:00 AM,foggy,PACDAL,Along the street,RECKLESS IMPRUDENCE RESULTING TO DAMAGE TO PROPERTY - RPC Art 365,No,No,Yes,Human Error,Speeding,SOLVED (AMICABLY SETTLED),damp
12/1/2021,10:30:00 AM,rainy,HONEYMOON (HONEYMOON-HOLY GHOST),Along the street,RECKLESS IMPRUDENCE RESULTING TO MULTIPLE PHYSICAL INJURY - RPC Art 365,No,Yes,No,Traffic Management Factors,Blocked Intersection,SOLVED (AMICABLY SETTLED),wet
12/1/2021,6:00:00 AM,foggy,IMELDA BARANGAY,Along the street,RECKLESS IMPRUDENCE RESULTING TO PHYSICAL INJURY - RPC Art 365,No,Yes,No,Environmental,Fallen Tree on Road,SOLVED (AMICABLY SETTLED),damp
12/1/2021,4:30:00 AM,clear,GIBRALTAR,Along the street,RECKLESS IMPRUDENCE RESULTING TO PHYSICAL INJURY - RPC Art 365,No,No,Yes,Environmental,Erosion of Roadside,SOLVED (AMICABLY SETTLED),dry
1/14/2021,11:05:00 AM,rainy,"GENERAL LUNA, UPPER",Along the street,RECKLESS IMPRUDENCE RESULTING TO DAMAGE TO PROPERTY - RPC Art 365,No,No,Yes,Environmental,Slippery Road due to Rain,SOLVED (AMICABLY SETTLED),wet
1/17/2021,9:20:00 AM,clear,LOAKAN PROPER,Along the street,RECKLESS IMPRUDENCE RESULTING TO MULTIPLE PHYSICAL INJURY - RPC Art 365,No,Yes,No,Traffic Management Factors,Defective Traffic Lights,SOLVED (SUSPECT IDENTIFIED-VICTIM REFUSED TO FILE CHARGES),dry
1/17/2021,10:30:00 AM,foggy,HONEYMOON (HONEYMOON-HOLY GHOST),Along the street,RECKLESS IMPRUDENCE RESULTING TO PHYSICAL INJURY - RPC Art 365,No,No,No,Traffic Management Factors,Traffic Congestion,SOLVED (AMICABLY SETTLED),damp
1/18/2021,11:20:00 AM,rainy,KIAS,Along the street,RECKLESS IMPRUDENCE RESULTING TO DAMAGE TO PROPERTY - RPC Art 365,No,No,Yes,Human Error,Illegal Overtaking,SOLVED (SUSPECT IDENTIFIED-VICTIM REFUSED TO FILE CHARGES),wet
1/18/2021,8:30:00 AM,foggy,PACDAL,Along the street,RECKLESS IMPRUDENCE RESULTING TO DAMAGE TO PROPERTY - RPC Art 365,No,No,Yes,Human Error,Inattention,SOLVED (SUSPECT IDENTIFIED-VICTIM REFUSED TO FILE CHARGES),damp
1/18/2021,12:40:00 PM,clear,HONEYMOON (HONEYMOON-HOLY GHOST),Along the street,RECKLESS IMPRUDENCE RESULTING TO PHYSICAL INJURY - RPC Art 365,No,Yes,No,Human Error,Speeding,SOLVED (AMICABLY SETTLED),dry
1/18/2021,1:40:00 AM,clear,MANUEL A. ROXAS,Along the street,RECKLESS IMPRUDENCE RESULTING TO DAMAGE TO PROPERTY - RPC Art 365,No,No,Yes,Environmental,Erosion of Roadside,SOLVED (SUSPECT IDENTIFIED-VICTIM REFUSED TO FILE CHARGES),dry
1/18/2021,6:20:00 AM,rainy,OUTLOOK DRIVE,Along the street,RECKLESS IMPRUDENCE RESULTING TO DAMAGE TO PROPERTY - RPC Art 365,No,No,Yes,Human Error,Inattention,SOLVED (AMICABLY SETTLED),wet
1/21/2021,4:00:00 AM,foggy,KAGITINGAN,Along the street,RECKLESS IMPRUDENCE RESULTING TO DAMAGE TO PROPERTY - RPC Art 365,No,No,Yes,Traffic Management Factors,Blocked Intersection,SOLVED (AMICABLY SETTLED),damp
1/21/2021,11:30:00 AM,clear,AZCKO,Along the street,RECKLESS IMPRUDENCE RESULTING TO DAMAGE TO PROPERTY - RPC Art 365,No,No,Yes,Traffic Management Factors,Traffic Congestion,SOLVED (AMICABLY SETTLED),dry
1/22/2021,5:00:00 PM,rainy,LOAKAN PROPER,Along the street,RECKLESS IMPRUDENCE RESULTING TO PHYSICAL INJURY - RPC Art 365,No,Yes,No,Environmental,Fallen Tree on Road,SOLVED (SUSPECT IDENTIFIED-VICTIM REFUSED TO FILE CHARGES),wet
1/26/2021,2:30:00 AM,foggy,ASIN ROAD,Along the street,RECKLESS IMPRUDENCE RESULTING TO MULTIPLE PHYSICAL INJURY - RPC Art 365,No,Yes,No,Human Error,Illegal Overtaking,SOLVED (SUSPECT IDENTIFIED-VICTIM REFUSED TO FILE CHARGES),damp
1/22/2021,9:10:00 AM,clear,ST. JOSEPH (NAVY BASE),Along the street,RECKLESS IMPRUDENCE RESULTING TO DAMAGE TO PROPERTY - RPC Art 365,No,No,Yes,Traffic Management Factors,Blocked Intersection,SOLVED (SUSPECT IDENTIFIED-VICTIM REFUSED TO FILE CHARGES),dry
1/22/2021,4:15:00 PM,foggy,CAMPO FILIPINO,Parking Area ,RECKLESS IMPRUDENCE RESULTING TO DAMAGE TO PROPERTY - RPC Art 365,No,No,Yes,Human Error,Speeding,SOLVED (AMICABLY SETTLED),damp
4/30/2021,10:15:00 AM,rainy,GIBRALTAR,Along the street,RECKLESS IMPRUDENCE RESULTING TO DAMAGE TO PROPERTY - RPC Art 365,No,No,Yes,Traffic Management Factors,Construction Without Warning Signs,SOLVED (SUSPECT IDENTIFIED-VICTIM REFUSED TO FILE CHARGES),wet
1/25/2021,8:05:00 AM,clear,PACDAL,Along the street,RECKLESS IMPRUDENCE RESULTING TO DAMAGE TO PROPERTY - RPC Art 365,No,No,Yes,Traffic Management Factors,Traffic Congestion,SOLVED (AMICABLY SETTLED),dry
1/28/2021,11:25:00 AM,clear,LOAKAN PROPER,Along the street,RECKLESS IMPRUDENCE RESULTING TO DAMAGE TO PROPERTY - RPC Art 365,No,No,Yes,Environmental,Fallen Tree on Road,SOLVED (AMICABLY SETTLED),dry
1/28/2021,4:30:00 AM,foggy,ABCR,Along the street,RECKLESS IMPRUDENCE RESULTING TO DAMAGE TO PROPERTY - RPC Art 365,No,No,Yes,Environmental,Fallen Tree on Road,SOLVED (SUSPECT IDENTIFIED-VICTIM REFUSED TO FILE CHARGES),damp
1/28/2021,10:20:00 AM,rainy,SOUTH DRIVE,Along the street,RECKLESS IMPRUDENCE RESULTING TO DAMAGE TO PROPERTY - RPC Art 365,No,No,Yes,Traffic Management Factors,Defective Traffic Lights,SOLVED (SUSPECT IDENTIFIED-VICTIM REFUSED TO FILE CHARGES),wet
1/29/2021,4:45:00 AM,clear,DPS AREA,Along the street,RECKLESS IMPRUDENCE RESULTING TO DAMAGE TO PROPERTY - RPC Art 365,No,No,Yes,Environmental,Erosion of Roadside,SOLVED (AMICABLY SETTLED),dry
1/2/2021,6:40:00 AM,foggy,ABCR,Along the street,RECKLESS IMPRUDENCE RESULTING TO DAMAGE TO PROPERTY - RPC Art 365,No,No,Yes,Human Error,Inattention,SOLVED (AMICABLY SETTLED),damp
1/31/2021,1:30:00 AM,rainy,IRISAN,Along the street,RECKLESS IMPRUDENCE RESULTING TO PHYSICAL INJURY - RPC Art 365,No,No,No,Environmental,Slippery Road due to Rain,SOLVED (AMICABLY SETTLED),wet
1/2/2021,8:00:00 AM,clear,COUNTRY CLUB VILLAGE,Parking Area ,RECKLESS IMPRUDENCE RESULTING TO DAMAGE TO PROPERTY - RPC Art 365,No,No,Yes,Traffic Management Factors,Construction Without Warning Signs,SOLVED (SUSPECT IDENTIFIED-VICTIM REFUSED TO FILE CHARGES),dry
3/2/2021,9:00:00 AM,foggy,IMELDA VILLAGE,Along the street,RECKLESS IMPRUDENCE RESULTING TO PHYSICAL INJURY - RPC Art 365,No,No,Yes,Environmental,Erosion of Roadside,SOLVED (SUSPECT IDENTIFIED-VICTIM REFUSED TO FILE CHARGES),damp
6/2/2021,6:30:00 AM,clear,LUALHATI,Along the street,RECKLESS IMPRUDENCE RESULTING TO DAMAGE TO PROPERTY - RPC Art 365,No,No,Yes,Environmental,Fallen Tree on Road,SOLVED (AMICABLY SETTLED),dry
8/2/2021,7:05:00 AM,rainy,RIZAL MONUMENT AREA,Along the street,RECKLESS IMPRUDENCE RESULTING TO DAMAGE TO PROPERTY - RPC Art 365,No,No,Yes,Traffic Management Factors,Traffic Congestion,SOLVED (AMICABLY SETTLED),wet
8/2/2021,5:40:00 AM,foggy,CABINET HILL-TEACHER'S CAMP,Along the street,RECKLESS IMPRUDENCE RESULTING TO DAMAGE TO PROPERTY - RPC Art 365,No,No,Yes,Traffic Management Factors,Blocked Intersection,SOLVED (AMICABLY SETTLED),damp
9/2/2021,5:30:00 PM,clear,CABINET HILL-TEACHER'S CAMP,Along the street,RECKLESS IMPRUDENCE RESULTING TO PHYSICAL INJURY - RPC Art 365,No,Yes,No,Environmental,Erosion of Roadside,SOLVED (AMICABLY SETTLED),dry
11/2/2021,11:50:00 AM,clear,BURNHAM-LEGARDA,Along the street,RECKLESS IMPRUDENCE RESULTING TO DAMAGE TO PROPERTY - RPC Art 365,No,No,Yes,Human Error,Speeding,SOLVED (AMICABLY SETTLED),dry
10/2/2021,5:00:00 AM,rainy,CABINET HILL-TEACHER'S CAMP,Along the street,RECKLESS IMPRUDENCE RESULTING TO MULTIPLE DAMAGE TO PROPERTY - RPC Art 365,No,No,Yes,Traffic Management Factors,Defective Traffic Lights,SOLVED (AMICABLY SETTLED),wet
10/2/2021,9:30:00 AM,foggy,SAN LUIS VILLAGE,Along the street,RECKLESS IMPRUDENCE RESULTING TO DAMAGE TO PROPERTY - RPC Art 365,No,No,Yes,Traffic Management Factors,Traffic Congestion,SOLVED (AMICABLY SETTLED),damp
11/2/2021,11:14:00 AM,clear,IRISAN,Along the street,RECKLESS IMPRUDENCE RESULTING TO DAMAGE TO PROPERTY - RPC Art 365,No,No,Yes,Traffic Management Factors,Blocked Intersection,SOLVED (AMICABLY SETTLED),dry
11/2/2021,2:00:00 PM,rainy,"GENERAL LUNA, UPPER",Along the street,RECKLESS IMPRUDENCE RESULTING TO DAMAGE TO PROPERTY - RPC Art 365,No,No,Yes,Environmental,Slippery Road due to Rain,SOLVED (AMICABLY SETTLED),wet
2/15/2021,7:29:00 AM,foggy,RIZAL MONUMENT AREA,Along the street,RECKLESS IMPRUDENCE RESULTING TO DAMAGE TO PROPERTY - RPC Art 365,No,No,Yes,Traffic Management Factors,Construction Without Warning Signs,SOLVED (AMICABLY SETTLED),damp
12/2/2021,4:00:00 AM,clear,GIBRALTAR,Along the street,RECKLESS IMPRUDENCE RESULTING TO DAMAGE TO PROPERTY - RPC Art 365,No,No,Yes,Environmental,Fallen Tree on Road,SOLVED (AMICABLY SETTLED),dry
2/14/2021,7:30:00 PM,foggy,GIBRALTAR,Along the street,RECKLESS IMPRUDENCE RESULTING TO PHYSICAL INJURY - RPC Art 365,No,No,Yes,Human Error,Illegal Overtaking,SOLVED (SUSPECT IDENTIFIED-VICTIM REFUSED TO FILE CHARGES),damp
2/15/2021,6:20:00 PM,clear,GIBRALTAR,Along the street,RECKLESS IMPRUDENCE RESULTING TO DAMAGE TO PROPERTY - RPC Art 365,No,No,Yes,Human Error,Inattention,SOLVED (SUSPECT IDENTIFIED-VICTIM REFUSED TO FILE CHARGES),dry
2/16/2021,5:50:00 AM,rainy,HILLSIDE,Along the street,RECKLESS IMPRUDENCE RESULTING TO DAMAGE TO PROPERTY - RPC Art 365,No,No,Yes,Traffic Management Factors,Construction Without Warning Signs,SOLVED (AMICABLY SETTLED),wet
2/18/2021,6:00:00 PM,foggy,GIBRALTAR,Residential ,RECKLESS IMPRUDENCE RESULTING TO DAMAGE TO PROPERTY - RPC Art 365,No,No,Yes,Traffic Management Factors,Blocked Intersection,SOLVED (SUSPECT IDENTIFIED-VICTIM REFUSED TO FILE CHARGES),damp
2/20/2021,7:30:00 AM,clear,ST. JOSEPH (NAVY BASE),Along the street,RECKLESS IMPRUDENCE RESULTING TO DAMAGE TO PROPERTY - RPC Art 365,No,No,Yes,Traffic Management Factors,Traffic Congestion,SOLVED (AMICABLY SETTLED),dry
2/20/2021,4:50:00 PM,rainy,PACDAL,Along the street,RECKLESS IMPRUDENCE RESULTING TO DAMAGE TO PROPERTY - RPC Art 365,No,No,Yes,Traffic Management Factors,Blocked Intersection,SOLVED (AMICABLY SETTLED),wet
2/20/2021,1:40:00 AM,rainy,GIBRALTAR,Along the street,RECKLESS IMPRUDENCE RESULTING TO DAMAGE TO PROPERTY - RPC Art 365,No,No,Yes,Human Error,Illegal Overtaking,SOLVED (AMICABLY SETTLED),wet
2/21/2021,9:35:00 AM,foggy,QUEZON HILL PROPER,Along the street,RECKLESS IMPRUDENCE RESULTING TO DAMAGE TO PROPERTY - RPC Art 365,No,No,Yes,Environmental,Erosion of Roadside,SOLVED (AMICABLY SETTLED),damp
2/22/2021,12:12:00 PM,clear,MANUEL A. ROXAS,Along the street,RECKLESS IMPRUDENCE RESULTING TO DAMAGE TO PROPERTY - RPC Art 365,No,No,Yes,Human Error,Speeding,SOLVED (AMICABLY SETTLED),dry
2/22/2021,6:00:00 PM,rainy,PACDAL,Along the street,RECKLESS IMPRUDENCE RESULTING TO DAMAGE TO PROPERTY - RPC Art 365,No,No,Yes,Human Error,Speeding,SOLVED (SUSPECT IDENTIFIED-VICTIM REFUSED TO FILE CHARGES),wet
2/24/2021,4:00:00 PM,foggy,QUEZON HILL PROPER,Along the street,RECKLESS IMPRUDENCE RESULTING TO DAMAGE TO PROPERTY - RPC Art 365,No,No,Yes,Human Error,Inattention,SOLVED (AMICABLY SETTLED),damp
2/24/2021,4:30:00 PM,clear,CAMPO FILIPINO,Along the street,RECKLESS IMPRUDENCE RESULTING TO DAMAGE TO PROPERTY - RPC Art 365,No,No,Yes,Human Error,Illegal Overtaking,SOLVED (AMICABLY SETTLED),dry
2/25/2021,10:30:00 AM,rainy,SAN LUIS VILLAGE,Along the street,RECKLESS IMPRUDENCE RESULTING TO DAMAGE TO PROPERTY - RPC Art 365,No,No,No,Environmental,Fallen Tree on Road,SOLVED (AMICABLY SETTLED),wet
2/25/2021,10:30:00 AM,foggy,SAN LUIS VILLAGE,Along the street,RECKLESS IMPRUDENCE RESULTING TO PHYSICAL INJURY - RPC Art 365,No,No,No,Traffic Management Factors,Defective Traffic Lights,SOLVED (AMICABLY SETTLED),damp
2/26/2021,5:30:00 PM,clear,ST. JOSEPH (NAVY BASE),Along the street,RECKLESS IMPRUDENCE RESULTING TO DAMAGE TO PROPERTY - RPC Art 365,No,No,Yes,Environmental,Erosion of Roadside,SOLVED (AMICABLY SETTLED),dry
2/27/2021,12:30:00 PM,clear,IRISAN,Along the street,RECKLESS IMPRUDENCE RESULTING TO MULTIPLE PHYSICAL INJURY - RPC Art 365,No,Yes,No,Traffic Management Factors,Traffic Congestion,SOLVED (AMICABLY SETTLED),dry
2/27/2021,2:30:00 AM,rainy,IRISAN,Along the street,RECKLESS IMPRUDENCE RESULTING TO DAMAGE TO PROPERTY - RPC Art 365,No,No,Yes,Traffic Management Factors,Blocked Intersection,SOLVED (AMICABLY SETTLED),wet
1/3/2021,11:30:00 AM,foggy,PACDAL,Along the street,RECKLESS IMPRUDENCE RESULTING TO DAMAGE TO PROPERTY - RPC Art 365,No,No,Yes,Traffic Management Factors,Defective Traffic Lights,SOLVED (SUSPECT IDENTIFIED-VICTIM REFUSED TO FILE CHARGES),damp
1/3/2021,12:45:00 PM,rainy,CABINET HILL-TEACHER'S CAMP,Along the street,RECKLESS IMPRUDENCE RESULTING TO DAMAGE TO PROPERTY - RPC Art 365,No,No,Yes,Environmental,Slippery Road due to Rain,SOLVED (SUSPECT IDENTIFIED-VICTIM REFUSED TO FILE CHARGES),wet
1/3/2021,11:45:00 AM,rainy,OUTLOOK DRIVE,Along the street,RECKLESS IMPRUDENCE RESULTING TO DAMAGE TO PROPERTY - RPC Art 365,No,No,Yes,Environmental,Fallen Tree on Road,SOLVED (AMICABLY SETTLED),wet
1/3/2021,6:30:00 AM,foggy,CAMPO FILIPINO,Along the street,RECKLESS IMPRUDENCE RESULTING TO DAMAGE TO PROPERTY - RPC Art 365,No,No,Yes,Traffic Management Factors,Construction Without Warning Signs,SOLVED (AMICABLY SETTLED),damp
5/3/2021,12:26:00 PM,rainy,DOMINICAN MIRADOR HILL,Along the street,RECKLESS IMPRUDENCE RESULTING TO DAMAGE TO PROPERTY - RPC Art 365,No,No,Yes,Human Error,Inattention,SOLVED (AMICABLY SETTLED),wet
9/3/2021,6:15:00 AM,rainy,KAYANG-HILLTOP,Along the street,RECKLESS IMPRUDENCE RESULTING TO DAMAGE TO PROPERTY - RPC Art 365,No,No,Yes,Environmental,Slippery Road due to Rain,SOLVED (AMICABLY SETTLED),wet
8/3/2021,3:30:00 AM,foggy,DONTOGAN,Along the street,RECKLESS IMPRUDENCE RESULTING TO DAMAGE TO PROPERTY - RPC Art 365,No,No,Yes,Traffic Management Factors,Defective Traffic Lights,SOLVED (AMICABLY SETTLED),damp
10/3/2021,3:00:00 AM,clear,MILITARY CUT-OFF,Along the street,RECKLESS IMPRUDENCE RESULTING TO DAMAGE TO PROPERTY - RPC Art 365,No,No,Yes,Human Error,Illegal Overtaking,SOLVED (AMICABLY SETTLED),dry
11/3/2021,11:00:00 AM,rainy,COUNTRY CLUB VILLAGE,Along the street,RECKLESS IMPRUDENCE RESULTING TO DAMAGE TO PROPERTY - RPC Art 365,No,No,Yes,Human Error,Speeding,SOLVED (SUSPECT IDENTIFIED-VICTIM REFUSED TO FILE CHARGES),wet
3/13/2021,9:00:00 PM,foggy,QUEZON HILL PROPER,Along the street,RECKLESS IMPRUDENCE RESULTING TO DAMAGE TO PROPERTY - RPC Art 365,No,No,Yes,Environmental,Erosion of Roadside,SOLVED (AMICABLY SETTLED),damp
3/15/2021,8:20:00 AM,clear,GREENWATER VILLAGE,Along the street,RECKLESS IMPRUDENCE RESULTING TO DAMAGE TO PROPERTY - RPC Art 365,No,No,Yes,Traffic Management Factors,Traffic Congestion,SOLVED (SUSPECT IDENTIFIED-VICTIM REFUSED TO FILE CHARGES),dry
3/14/2021,9:30:00 AM,foggy,ST. JOSEPH (NAVY BASE),Along the street,RECKLESS IMPRUDENCE RESULTING TO DAMAGE TO PROPERTY - RPC Art 365,No,No,Yes,Environmental,Fallen Tree on Road,SOLVED (SUSPECT IDENTIFIED-VICTIM REFUSED TO FILE CHARGES),damp
3/14/2021,11:45:00 AM,rainy,CABINET HILL-TEACHER'S CAMP,Along the street,RECKLESS IMPRUDENCE RESULTING TO DAMAGE TO PROPERTY - RPC Art 365,No,No,Yes,Traffic Management Factors,Blocked Intersection,SOLVED (AMICABLY SETTLED),wet
3/16/2021,11:05:00 AM,clear,RIZAL MONUMENT AREA,Along the street,RECKLESS IMPRUDENCE RESULTING TO DAMAGE TO PROPERTY - RPC Art 365,No,No,Yes,Environmental,Fallen Tree on Road,SOLVED (AMICABLY SETTLED),dry
3/16/2021,9:30:00 AM,rainy,KAGITINGAN,Along the street,RECKLESS IMPRUDENCE RESULTING TO DAMAGE TO PROPERTY - RPC Art 365,No,No,Yes,Environmental,Slippery Road due to Rain,SOLVED (AMICABLY SETTLED),wet
3/16/2021,10:30:00 AM,foggy,KABAYANIHAN,Along the street,RECKLESS IMPRUDENCE RESULTING TO DAMAGE TO PROPERTY - RPC Art 365,No,No,Yes,Environmental,Erosion of Roadside,SOLVED (AMICABLY SETTLED),damp
3/16/2021,10:15:00 AM,rainy,KAGITINGAN,Along the street,RECKLESS IMPRUDENCE RESULTING TO DAMAGE TO PROPERTY - RPC Art 365,No,No,Yes,Traffic Management Factors,Construction Without Warning Signs,SOLVED (AMICABLY SETTLED),wet
3/16/2021,4:15:00 AM,clear,GIBRALTAR,Along the street,RECKLESS IMPRUDENCE RESULTING TO DAMAGE TO PROPERTY - RPC Art 365,No,No,Yes,Human Error,Inattention,SOLVED (SUSPECT IDENTIFIED-VICTIM REFUSED TO FILE CHARGES),dry
3/17/2021,11:45:00 AM,foggy,SANTO TOMAS PROPER,Along the street,RECKLESS IMPRUDENCE RESULTING TO DAMAGE TO PROPERTY - RPC Art 365,No,No,Yes,Traffic Management Factors,Traffic Congestion,SOLVED (AMICABLY SETTLED),damp
3/17/2021,12:05:00 PM,clear,DOMINICAN MIRADOR HILL,Along the street,RECKLESS IMPRUDENCE RESULTING TO DAMAGE TO PROPERTY - RPC Art 365,No,No,Yes,Environmental,Erosion of Roadside,SOLVED (AMICABLY SETTLED),dry
3/18/2021,11:45:00 AM,rainy,IRISAN,Along the street,RECKLESS IMPRUDENCE RESULTING TO PHYSICAL INJURY - RPC Art 365,No,No,No,Traffic Management Factors,Construction Without Warning Signs,SOLVED (AMICABLY SETTLED),wet
3/20/2021,12:45:00 PM,foggy,LUALHATI,Along the street,RECKLESS IMPRUDENCE RESULTING TO DAMAGE TO PROPERTY - RPC Art 365,No,No,Yes,Human Error,Speeding,SOLVED (AMICABLY SETTLED),damp
3/20/2021,1:30:00 AM,clear,OUTLOOK DRIVE,Along the street,RECKLESS IMPRUDENCE RESULTING TO DAMAGE TO PROPERTY - RPC Art 365,No,No,Yes,Human Error,Inattention,SOLVED (AMICABLY SETTLED),dry
3/29/2021,2:00:00 AM,rainy,CABINET HILL-TEACHER'S CAMP,Along the street,RECKLESS IMPRUDENCE RESULTING TO DAMAGE TO PROPERTY - RPC Art 365,No,No,Yes,Human Error,Speeding,SOLVED (AMICABLY SETTLED),wet
3/21/2021,12:30:00 PM,rainy,"AURORA HILL, SOUTH CENTRAL",Along the street,RECKLESS IMPRUDENCE RESULTING TO PHYSICAL INJURY - RPC Art 365,No,Yes,No,Traffic Management Factors,Defective Traffic Lights,SOLVED (FILED-ARRESTED),wet
3/21/2021,12:30:00 PM,foggy,"AURORA HILL, SOUTH CENTRAL",Along the street,RECKLESS IMPRUDENCE RESULTING TO DAMAGE TO PROPERTY - RPC Art 365,No,Yes,No,Traffic Management Factors,Traffic Congestion,SOLVED (FILED-ARRESTED),damp
3/22/2021,8:15:00 AM,clear,BURNHAM-LEGARDA,Along the street,RECKLESS IMPRUDENCE RESULTING TO DAMAGE TO PROPERTY - RPC Art 365,No,No,Yes,Human Error,Inattention,SOLVED (AMICABLY SETTLED),dry
3/22/2021,6:00:00 AM,rainy,ST. JOSEPH (NAVY BASE),Along the street,RECKLESS IMPRUDENCE RESULTING TO DAMAGE TO PROPERTY - RPC Art 365,No,No,Yes,Human Error,Speeding,SOLVED (SUSPECT IDENTIFIED-VICTIM REFUSED TO FILE CHARGES),wet
3/23/2021,7:30:00 AM,foggy,"LOURDES SUBDIVISION, LOWER",Along the street,RECKLESS IMPRUDENCE RESULTING TO HOMICIDE - RPC Art 365,No,No,No,Traffic Management Factors,Blocked Intersection,SOLVED (FILED-ARRESTED),damp
3/23/2021,7:30:00 AM,clear,"LOURDES SUBDIVISION, LOWER",Along the street,RECKLESS IMPRUDENCE RESULTING TO MULTIPLE PHYSICAL INJURY - RPC Art 365,No,No,No,Environmental,Fallen Tree on Road,SOLVED (FILED-ARRESTED),dry
3/23/2021,7:30:00 AM,clear,"LOURDES SUBDIVISION, LOWER",Along the street,RECKLESS IMPRUDENCE RESULTING TO MULTIPLE DAMAGE TO PROPERTY - RPC Art 365,No,No,No,Human Error,Illegal Overtaking,SOLVED (FILED-ARRESTED),dry
3/25/2021,1:30:00 PM,rainy,OUTLOOK DRIVE,Along the street,RECKLESS IMPRUDENCE RESULTING TO DAMAGE TO PROPERTY - RPC Art 365,No,No,Yes,Environmental,Erosion of Roadside,SOLVED (SUSPECT IDENTIFIED-VICTIM REFUSED TO FILE CHARGES),wet
3/25/2021,12:37:00 PM,rainy,MANUEL A. ROXAS,Along the street,RECKLESS IMPRUDENCE RESULTING TO DAMAGE TO PROPERTY - RPC Art 365,No,No,Yes,Environmental,Slippery Road due to Rain,SOLVED (SUSPECT IDENTIFIED-VICTIM REFUSED TO FILE CHARGES),wet
3/30/2021,9:00:00 AM,clear,ST. JOSEPH (NAVY BASE),Along the street,RECKLESS IMPRUDENCE RESULTING TO DAMAGE TO PROPERTY - RPC Art 365,No,No,Yes,Environmental,Fallen Tree on Road,SOLVED (AMICABLY SETTLED),dry
9/4/2021,4:30:00 AM,rainy,CAMP 7,Along the street,RECKLESS IMPRUDENCE RESULTING TO DAMAGE TO PROPERTY - RPC Art 365,No,No,Yes,Environmental,Fallen Tree on Road,SOLVED (AMICABLY SETTLED),wet
1/4/2021,6:15:00 AM,foggy,RIZAL MONUMENT AREA,Along the street,RECKLESS IMPRUDENCE RESULTING TO DAMAGE TO PROPERTY - RPC Art 365,No,No,Yes,Traffic Management Factors,Construction Without Warning Signs,SOLVED (AMICABLY SETTLED),damp
3/31/2021,7:30:00 AM,clear,MANUEL A. ROXAS,Along the street,RECKLESS IMPRUDENCE RESULTING TO DAMAGE TO PROPERTY - RPC Art 365,No,No,Yes,Human Error,Speeding,SOLVED (AMICABLY SETTLED),dry
4/4/2021,11:45:00 AM,clear,IRISAN,Along the street,RECKLESS IMPRUDENCE RESULTING TO DAMAGE TO PROPERTY - RPC Art 365,No,No,Yes,Human Error,Inattention,SOLVED (AMICABLY SETTLED),dry
3/31/2021,12:05:00 PM,foggy,SAN LUIS VILLAGE,Along the street,RECKLESS IMPRUDENCE RESULTING TO DAMAGE TO PROPERTY - RPC Art 365,No,No,Yes,Traffic Management Factors,Blocked Intersection,SOLVED (AMICABLY SETTLED),damp
1/4/2021,10:40:00 AM,clear,ABCR,Along the street,RECKLESS IMPRUDENCE RESULTING TO DAMAGE TO PROPERTY - RPC Art 365,No,No,Yes,Environmental,Erosion of Roadside,SOLVED (AMICABLY SETTLED),dry
1/4/2021,12:45:00 PM,foggy,SESSION GOV. PACK,Along the street,RECKLESS IMPRUDENCE RESULTING TO DAMAGE TO PROPERTY - RPC Art 365,No,No,Yes,Traffic Management Factors,Blocked Intersection,SOLVED (AMICABLY SETTLED),damp
2/4/2021,3:00:00 PM,rainy,"GENERAL LUNA, UPPER",Along the street,RECKLESS IMPRUDENCE RESULTING TO DAMAGE TO PROPERTY - RPC Art 365,No,No,Yes,Traffic Management Factors,Defective Traffic Lights,SOLVED (AMICABLY SETTLED),wet
5/4/2021,10:40:00 AM,clear,SESSION GOV. PACK,Along the street,RECKLESS IMPRUDENCE RESULTING TO DAMAGE TO PROPERTY - RPC Art 365,No,No,Yes,Traffic Management Factors,Traffic Congestion,SOLVED (AMICABLY SETTLED),dry
5/4/2021,9:20:00 AM,rainy,SESSION GOV. PACK,Along the street,RECKLESS IMPRUDENCE RESULTING TO DAMAGE TO PROPERTY - RPC Art 365,No,No,Yes,Human Error,Illegal Overtaking,SOLVED (AMICABLY SETTLED),wet
4/4/2021,7:12:00 PM,foggy,COUNTRY CLUB VILLAGE,Along the street,RECKLESS IMPRUDENCE RESULTING TO DAMAGE TO PROPERTY - RPC Art 365,No,No,Yes,Traffic Management Factors,Blocked Intersection,SOLVED (AMICABLY SETTLED),damp
5/4/2021,10:30:00 AM,clear,PINSAO PROPER,Along the street,RECKLESS IMPRUDENCE RESULTING TO DAMAGE TO PROPERTY - RPC Art 365,No,No,Yes,Environmental,Fallen Tree on Road,SOLVED (AMICABLY SETTLED),dry
5/4/2021,5:40:00 AM,foggy,GIBRALTAR,Along the street,RECKLESS IMPRUDENCE RESULTING TO DAMAGE TO PROPERTY - RPC Art 365,No,No,Yes,Environmental,Erosion of Roadside,SOLVED (AMICABLY SETTLED),damp
7/4/2021,6:15:00 AM,rainy,PUCSUSAN,Along the street,RECKLESS IMPRUDENCE RESULTING TO DAMAGE TO PROPERTY - RPC Art 365,No,No,Yes,Environmental,Fallen Tree on Road,SOLVED (AMICABLY SETTLED),wet
10/4/2021,10:35:00 AM,rainy,IMELDA BARANGAY,Along the street,RECKLESS IMPRUDENCE RESULTING TO PHYSICAL INJURY - RPC Art 365,No,Yes,No,Environmental,Slippery Road due to Rain,SOLVED (AMICABLY SETTLED),wet
9/4/2021,7:00:00 PM,foggy,GIBRALTAR,Along the street,RECKLESS IMPRUDENCE RESULTING TO DAMAGE TO PROPERTY - RPC Art 365,No,Yes,No,Human Error,Speeding,SOLVED (AMICABLY SETTLED),damp
10/4/2021,6:15:00 PM,clear,GIBRALTAR,Along the street,RECKLESS IMPRUDENCE RESULTING TO DAMAGE TO PROPERTY - RPC Art 365,No,No,Yes,Traffic Management Factors,Defective Traffic Lights,SOLVED (AMICABLY SETTLED),dry
4/15/2021,9:45:00 AM,clear,"MAGSAYSAY, LOWER",Along the street,RECKLESS IMPRUDENCE RESULTING TO MULTIPLE DAMAGE TO PROPERTY - RPC Art 365,No,No,Yes,Traffic Management Factors,Traffic Congestion,SOLVED (FILED-ARRESTED),dry
4/16/2021,5:20:00 PM,rainy,ST. JOSEPH (NAVY BASE),Along the street,RECKLESS IMPRUDENCE RESULTING TO PHYSICAL INJURY - RPC Art 365,No,Yes,No,Human Error,Inattention,SOLVED (FILED-ARRESTED),wet
4/17/2021,1:50:00 AM,foggy,DOMINICAN MIRADOR HILL,Along the street,RECKLESS IMPRUDENCE RESULTING TO DAMAGE TO PROPERTY - RPC Art 365,No,No,Yes,Human Error,Speeding,SOLVED (AMICABLY SETTLED),damp
4/20/2021,9:35:00 AM,clear,SAN LUIS VILLAGE,Along the street,RECKLESS IMPRUDENCE RESULTING TO DAMAGE TO PROPERTY - RPC Art 365,No,No,Yes,Traffic Management Factors,Traffic Congestion,SOLVED (AMICABLY SETTLED),dry
4/23/2021,10:00:00 AM,rainy,OUTLOOK DRIVE,Along the street,RECKLESS IMPRUDENCE RESULTING TO DAMAGE TO PROPERTY - RPC Art 365,No,No,Yes,Environmental,Erosion of Roadside,SOLVED (AMICABLY SETTLED),wet
4/25/2021,11:55:00 AM,foggy,GIBRALTAR,Along the street,RECKLESS IMPRUDENCE RESULTING TO DAMAGE TO PROPERTY - RPC Art 365,No,No,Yes,Traffic Management Factors,Construction Without Warning Signs,SOLVED (AMICABLY SETTLED),damp
4/25/2021,11:30:00 AM,clear,DOMINICAN MIRADOR HILL,Along the street,RECKLESS IMPRUDENCE RESULTING TO DAMAGE TO PROPERTY - RPC Art 365,No,No,Yes,Environmental,Fallen Tree on Road,SOLVED (AMICABLY SETTLED),dry
4/24/2021,9:20:00 AM,clear,VICTORIA VILLAGE,Along the street,RECKLESS IMPRUDENCE RESULTING TO DAMAGE TO PROPERTY - RPC Art 365,No,No,Yes,Traffic Management Factors,Blocked Intersection,SOLVED (AMICABLY SETTLED),dry
8/9/2021,10:00:00 PM,rainy,SANTO TOMAS PROPER,Residential ,RECKLESS IMPRUDENCE RESULTING TO PHYSICAL INJURY - RPC Art 365,No,Yes,No,Environmental,Slippery Road due to Rain,SOLVED (AMICABLY SETTLED),wet
4/27/2021,5:00:00 AM,foggy,HOLY GHOST EXTENSION,Along the street,RECKLESS IMPRUDENCE RESULTING TO DAMAGE TO PROPERTY - RPC Art 365,No,No,Yes,Human Error,Speeding,SOLVED (AMICABLY SETTLED),damp
4/29/2021,2:30:00 AM,clear,OUTLOOK DRIVE,Along the street,RECKLESS IMPRUDENCE RESULTING TO DAMAGE TO PROPERTY - RPC Art 365,No,No,Yes,Traffic Management Factors,Defective Traffic Lights,SOLVED (AMICABLY SETTLED),dry
4/29/2021,2:20:00 PM,rainy,FAIRVIEW VILLAGE,Along the street,RECKLESS IMPRUDENCE RESULTING TO DAMAGE TO PROPERTY - RPC Art 365,No,No,Yes,Human Error,Speeding,SOLVED (AMICABLY SETTLED),wet
4/29/2021,12:30:00 PM,rainy,SAN LUIS VILLAGE,Along the street,RECKLESS IMPRUDENCE RESULTING TO MULTIPLE PHYSICAL INJURY - RPC Art 365,No,Yes,No,Human Error,Illegal Overtaking,SOLVED (AMICABLY SETTLED),wet
4/29/2021,12:30:00 PM,clear,SAN LUIS VILLAGE,Along the street,RECKLESS IMPRUDENCE RESULTING TO DAMAGE TO PROPERTY - RPC Art 365,No,Yes,No,Traffic Management Factors,Construction Without Warning Signs,SOLVED (AMICABLY SETTLED),dry
1/5/2021,11:00:00 AM,clear,MANUEL A. ROXAS,Along the street,RECKLESS IMPRUDENCE RESULTING TO DAMAGE TO PROPERTY - RPC Art 365,No,No,Yes,Traffic Management Factors,Traffic Congestion,SOLVED (AMICABLY SETTLED),dry
2/5/2021,10:30:00 AM,rainy,LOAKAN PROPER,Along the street,RECKLESS IMPRUDENCE RESULTING TO MULTIPLE PHYSICAL INJURY - RPC Art 365,No,Yes,No,Human Error,Inattention,SOLVED (SUSPECT IDENTIFIED-VICTIM REFUSED TO FILE CHARGES),wet
5/18/2021,2:15:00 AM,rainy,CABINET HILL-TEACHER'S CAMP,Along the street,RECKLESS IMPRUDENCE RESULTING TO DAMAGE TO PROPERTY - RPC Art 365,No,No,Yes,Environmental,Slippery Road due to Rain,SOLVED (AMICABLY SETTLED),wet
6/5/2021,11:25:00 AM,clear,ST. JOSEPH (NAVY BASE),Along the street,RECKLESS IMPRUDENCE RESULTING TO DAMAGE TO PROPERTY - RPC Art 365,No,No,Yes,Environmental,Erosion of Roadside,SOLVED (SUSPECT IDENTIFIED-VICTIM REFUSED TO FILE CHARGES),dry
6/5/2021,3:30:00 AM,rainy,SALUD MITRA,Along the street,RECKLESS IMPRUDENCE RESULTING TO DAMAGE TO PROPERTY - RPC Art 365,No,No,Yes,Environmental,Fallen Tree on Road,SOLVED (AMICABLY SETTLED),wet
12/7/2021,6:00:00 PM,foggy,LUALHATI,Along the street,RECKLESS IMPRUDENCE RESULTING TO DAMAGE TO PROPERTY - RPC Art 365,No,No,Yes,Traffic Management Factors,Blocked Intersection,SOLVED (AMICABLY SETTLED),damp
8/5/2021,2:45:00 AM,rainy,SALUD MITRA,Along the street,RECKLESS IMPRUDENCE RESULTING TO DAMAGE TO PROPERTY - RPC Art 365,No,No,Yes,Environmental,Slippery Road due to Rain,SOLVED (AMICABLY SETTLED),wet
8/5/2021,12:15:00 PM,clear,FAIRVIEW VILLAGE,Along the street,RECKLESS IMPRUDENCE RESULTING TO PHYSICAL INJURY - RPC Art 365,No,Yes,No,Traffic Management Factors,Defective Traffic Lights,SOLVED (AMICABLY SETTLED),dry
10/5/2021,10:05:00 AM,rainy,BAKAKENG CENTRAL,Along the street,RECKLESS IMPRUDENCE RESULTING TO MULTIPLE PHYSICAL INJURY - RPC Art 365,No,No,Yes,Human Error,Illegal Overtaking,SOLVED (SUSPECT IDENTIFIED-VICTIM REFUSED TO FILE CHARGES),wet
10/5/2021,10:50:00 AM,rainy,IRISAN,Along the street,RECKLESS IMPRUDENCE RESULTING TO HOMICIDE - RPC Art 365,No,No,No,Human Error,Speeding,SOLVED (FILED-ARRESTED),wet
5/29/2021,5:20:00 AM,clear,LUALHATI,Along the street,RECKLESS IMPRUDENCE RESULTING TO DAMAGE TO PROPERTY - RPC Art 365,No,No,Yes,Traffic Management Factors,Traffic Congestion,SOLVED (AMICABLY SETTLED),dry
10/5/2021,9:15:00 AM,rainy,DOMINICAN MIRADOR HILL,Along the street,RECKLESS IMPRUDENCE RESULTING TO DAMAGE TO PROPERTY - RPC Art 365,No,No,Yes,Environmental,Fallen Tree on Road,SOLVED (AMICABLY SETTLED),wet
5/14/2021,8:40:00 AM,foggy,CABINET HILL-TEACHER'S CAMP,Along the street,RECKLESS IMPRUDENCE RESULTING TO DAMAGE TO PROPERTY - RPC Art 365,No,No,Yes,Environmental,Erosion of Roadside,SOLVED (AMICABLY SETTLED),damp
5/14/2021,6:30:00 AM,clear,HOLY GHOST EXTENSION,Along the street,RECKLESS IMPRUDENCE RESULTING TO DAMAGE TO PROPERTY - RPC Art 365,No,No,Yes,Traffic Management Factors,Blocked Intersection,SOLVED (AMICABLY SETTLED),dry
5/16/2021,5:35:00 AM,clear,RIZAL MONUMENT AREA,Along the street,RECKLESS IMPRUDENCE RESULTING TO DAMAGE TO PROPERTY - RPC Art 365,No,No,Yes,Traffic Management Factors,Defective Traffic Lights,SOLVED (AMICABLY SETTLED),dry
5/16/2021,11:00:00 AM,rainy,POLIWES,Along the street,RECKLESS IMPRUDENCE RESULTING TO MULTIPLE DAMAGE TO PROPERTY - RPC Art 365,No,No,Yes,Environmental,Slippery Road due to Rain,SOLVED (AMICABLY SETTLED),wet
5/15/2021,3:40:00 AM,rainy,"MAGSAYSAY, LOWER",Along the street,RECKLESS IMPRUDENCE RESULTING TO DAMAGE TO PROPERTY - RPC Art 365,No,Yes,No,Environmental,Fallen Tree on Road,SOLVED (SUSPECT IDENTIFIED-VICTIM REFUSED TO FILE CHARGES),wet
5/17/2021,9:10:00 AM,clear,PACDAL,Residential ,RECKLESS IMPRUDENCE RESULTING TO DAMAGE TO PROPERTY - RPC Art 365,No,No,Yes,Human Error,Speeding,SOLVED (AMICABLY SETTLED),dry
5/17/2021,11:30:00 AM,rainy,IMELDA BARANGAY,Along the street,RECKLESS IMPRUDENCE RESULTING TO DAMAGE TO PROPERTY - RPC Art 365,No,No,Yes,Human Error,Inattention,SOLVED (AMICABLY SETTLED),wet
5/16/2021,8:40:00 AM,foggy,"GENERAL LUNA, UPPER",Along the street,RECKLESS IMPRUDENCE RESULTING TO PHYSICAL INJURY - RPC Art 365,No,No,Yes,Environmental,Erosion of Roadside,SOLVED (SUSPECT IDENTIFIED-VICTIM REFUSED TO FILE CHARGES),damp
5/16/2021,9:30:00 AM,clear,"LOURDES SUBDIVISION, LOWER",Parking Area ,RECKLESS IMPRUDENCE RESULTING TO PHYSICAL INJURY - RPC Art 365,No,Yes,No,Traffic Management Factors,Traffic Congestion,SOLVED (AMICABLY SETTLED),dry
5/16/2021,9:30:00 AM,clear,"LOURDES SUBDIVISION, LOWER",Parking Area ,RECKLESS IMPRUDENCE RESULTING TO DAMAGE TO PROPERTY - RPC Art 365,No,Yes,No,Traffic Management Factors,Blocked Intersection,SOLVED (AMICABLY SETTLED),dry
5/18/2021,6:30:00 AM,foggy,RIZAL MONUMENT AREA,Along the street,RECKLESS IMPRUDENCE RESULTING TO DAMAGE TO PROPERTY - RPC Art 365,No,No,Yes,Environmental,Fallen Tree on Road,SOLVED (AMICABLY SETTLED),damp
5/17/2021,2:40:00 AM,rainy,OLD LUCBAN HAPPY HOMES,Along the street,RECKLESS IMPRUDENCE RESULTING TO DAMAGE TO PROPERTY - RPC Art 365,No,No,Yes,Traffic Management Factors,Construction Without Warning Signs,SOLVED (AMICABLY SETTLED),wet
5/19/2021,2:50:00 AM,clear,TEODORA ALONZO,Along the street,RECKLESS IMPRUDENCE RESULTING TO MULTIPLE DAMAGE TO PROPERTY - RPC Art 365,No,No,Yes,Traffic Management Factors,Blocked Intersection,SOLVED (AMICABLY SETTLED),dry
5/20/2021,10:20:00 AM,rainy,CAMP 7,Along the street,RECKLESS IMPRUDENCE RESULTING TO DAMAGE TO PROPERTY - RPC Art 365,No,No,Yes,Human Error,Inattention,SOLVED (AMICABLY SETTLED),wet
5/20/2021,8:00:00 AM,foggy,QUEZON HILL PROPER,Along the street,RECKLESS IMPRUDENCE RESULTING TO DAMAGE TO PROPERTY - RPC Art 365,No,No,Yes,Human Error,Speeding,SOLVED (AMICABLY SETTLED),damp
5/20/2021,3:00:00 AM,rainy,FAIRVIEW VILLAGE,Along the street,RECKLESS IMPRUDENCE RESULTING TO DAMAGE TO PROPERTY - RPC Art 365,No,No,Yes,Environmental,Slippery Road due to Rain,SOLVED (AMICABLY SETTLED),wet
5/30/2021,4:00:00 AM,clear,LOAKAN PROPER,Along the street,RECKLESS IMPRUDENCE RESULTING TO PHYSICAL INJURY - RPC Art 365,No,Yes,No,Traffic Management Factors,Defective Traffic Lights,SOLVED (AMICABLY SETTLED),dry
5/30/2021,3:50:00 AM,foggy,SALUD MITRA,Along the street,RECKLESS IMPRUDENCE RESULTING TO PHYSICAL INJURY - RPC Art 365,No,Yes,Yes,Traffic Management Factors,Defective Traffic Lights,SOLVED (AMICABLY SETTLED),damp
3/6/2021,5:00:00 AM,rainy,BURNHAM-LEGARDA,Along the street,RECKLESS IMPRUDENCE RESULTING TO DAMAGE TO PROPERTY - RPC Art 365,No,No,No,Environmental,Erosion of Roadside,SOLVED (AMICABLY SETTLED),wet
5/6/2021,6:15:00 AM,clear,ABCR,Along the street,RECKLESS IMPRUDENCE RESULTING TO DAMAGE TO PROPERTY - RPC Art 365,No,No,Yes,Traffic Management Factors,Traffic Congestion,SOLVED (AMICABLY SETTLED),dry
5/6/2021,11:30:00 AM,rainy,AZCKO,Along the street,RECKLESS IMPRUDENCE RESULTING TO DAMAGE TO PROPERTY - RPC Art 365,No,No,Yes,Human Error,Speeding,SOLVED (SUSPECT IDENTIFIED-VICTIM REFUSED TO FILE CHARGES),wet
5/6/2021,7:20:00 AM,foggy,SAN LUIS VILLAGE,Along the street,RECKLESS IMPRUDENCE RESULTING TO PHYSICAL INJURY - RPC Art 365,No,Yes,No,Environmental,Fallen Tree on Road,SOLVED (AMICABLY SETTLED),damp
6/6/2021,9:10:00 AM,clear,CAMP 7,Along the street,RECKLESS IMPRUDENCE RESULTING TO PHYSICAL INJURY - RPC Art 365,No,No,Yes,Traffic Management Factors,Construction Without Warning Signs,SOLVED (AMICABLY SETTLED),dry
9/6/2021,11:08:00 AM,clear,AZCKO,Along the street,RECKLESS IMPRUDENCE RESULTING TO DAMAGE TO PROPERTY - RPC Art 365,No,No,Yes,Traffic Management Factors,Blocked Intersection,SOLVED (AMICABLY SETTLED),dry
9/6/2021,10:00:00 AM,foggy,ABCR,Along the street,RECKLESS IMPRUDENCE RESULTING TO DAMAGE TO PROPERTY - RPC Art 365,No,No,Yes,Environmental,Fallen Tree on Road,SOLVED (AMICABLY SETTLED),damp
12/6/2021,9:30:00 AM,rainy,PACDAL,Along the street,RECKLESS IMPRUDENCE RESULTING TO DAMAGE TO PROPERTY - RPC Art 365,No,No,Yes,Environmental,Erosion of Roadside,SOLVED (SUSPECT IDENTIFIED-VICTIM REFUSED TO FILE CHARGES),wet
9/6/2021,8:30:00 PM,clear,QUEZON HILL PROPER,Along the street,RECKLESS IMPRUDENCE RESULTING TO DAMAGE TO PROPERTY - RPC Art 365,No,No,Yes,Human Error,Speeding,SOLVED (SUSPECT IDENTIFIED-VICTIM REFUSED TO FILE CHARGES),dry
12/6/2021,3:00:00 PM,rainy,HARRISON-CLAUDIO CARANTES,Along the street,RECKLESS IMPRUDENCE RESULTING TO DAMAGE TO PROPERTY - RPC Art 365,No,No,Yes,Human Error,Inattention,SOLVED (AMICABLY SETTLED),wet
12/6/2021,4:15:00 PM,foggy,ENGINEERS' HILL,Along the street,RECKLESS IMPRUDENCE RESULTING TO DAMAGE TO PROPERTY - RPC Art 365,No,No,Yes,Traffic Management Factors,Traffic Congestion,SOLVED (AMICABLY SETTLED),damp
11/6/2021,9:00:00 PM,clear,QUEZON HILL PROPER,Along the street,RECKLESS IMPRUDENCE RESULTING TO DAMAGE TO PROPERTY - RPC Art 365,No,No,Yes,Environmental,Erosion of Roadside,SOLVED (AMICABLY SETTLED),dry
6/13/2021,3:00:00 AM,clear,BURNHAM-LEGARDA,Along the street,RECKLESS IMPRUDENCE RESULTING TO DAMAGE TO PROPERTY - RPC Art 365,No,No,No,Traffic Management Factors,Defective Traffic Lights,SOLVED (AMICABLY SETTLED),dry
6/16/2021,9:40:00 AM,foggy,PACDAL,Along the street,RECKLESS IMPRUDENCE RESULTING TO DAMAGE TO PROPERTY - RPC Art 365,No,No,Yes,Traffic Management Factors,Construction Without Warning Signs,SOLVED (SUSPECT IDENTIFIED-VICTIM REFUSED TO FILE CHARGES),damp
6/19/2021,10:40:00 AM,rainy,PACDAL,Along the street,RECKLESS IMPRUDENCE RESULTING TO DAMAGE TO PROPERTY - RPC Art 365,No,No,Yes,Human Error,Illegal Overtaking,SOLVED (AMICABLY SETTLED),wet
6/22/2021,7:50:00 PM,rainy,CAMPO FILIPINO,Along the street,RECKLESS IMPRUDENCE RESULTING TO DAMAGE TO PROPERTY - RPC Art 365,No,No,Yes,Environmental,Slippery Road due to Rain,SOLVED (AMICABLY SETTLED),wet
6/26/2021,4:00:00 PM,rainy,RIZAL MONUMENT AREA,Along the street,RECKLESS IMPRUDENCE RESULTING TO DAMAGE TO PROPERTY - RPC Art 365,No,No,Yes,Environmental,Fallen Tree on Road,SOLVED (AMICABLY SETTLED),wet
6/26/2021,4:30:00 AM,foggy,SAN LUIS VILLAGE,Along the street,RECKLESS IMPRUDENCE RESULTING TO DAMAGE TO PROPERTY - RPC Art 365,No,No,Yes,Environmental,Erosion of Roadside,SOLVED (AMICABLY SETTLED),damp
6/29/2021,8:00:00 PM,clear,SOUTH DRIVE,Along the street,RECKLESS IMPRUDENCE RESULTING TO DAMAGE TO PROPERTY - RPC Art 365,No,No,Yes,Traffic Management Factors,Construction Without Warning Signs,SOLVED (AMICABLY SETTLED),dry
6/29/2021,5:30:00 AM,clear,CAMPO FILIPINO,Along the street,RECKLESS IMPRUDENCE RESULTING TO PHYSICAL INJURY - RPC Art 365,No,Yes,No,Traffic Management Factors,Traffic Congestion,SOLVED (AMICABLY SETTLED),dry
6/29/2021,5:30:00 AM,foggy,CAMPO FILIPINO,Along the street,RECKLESS IMPRUDENCE RESULTING TO DAMAGE TO PROPERTY - RPC Art 365,No,Yes,No,Traffic Management Factors,Blocked Intersection,SOLVED (AMICABLY SETTLED),damp
6/30/2021,7:30:00 PM,rainy,FAIRVIEW VILLAGE,Along the street,RECKLESS IMPRUDENCE RESULTING TO PHYSICAL INJURY - RPC Art 365,No,Yes,No,Human Error,Speeding,SOLVED (AMICABLY SETTLED),wet
1/7/2021,12:22:00 PM,clear,MINES VIEW PARK,Along the street,RECKLESS IMPRUDENCE RESULTING TO DAMAGE TO PROPERTY - RPC Art 365,No,No,Yes,Human Error,Inattention,SOLVED (SUSPECT IDENTIFIED-VICTIM REFUSED TO FILE CHARGES),dry
2/7/2021,12:30:00 PM,rainy,IRISAN,Along the street,RECKLESS IMPRUDENCE RESULTING TO PHYSICAL INJURY - RPC Art 365,No,No,No,Human Error,Illegal Overtaking,SOLVED (AMICABLY SETTLED),wet
2/7/2021,11:00:00 PM,foggy,COUNTRY CLUB VILLAGE,Along the street,RECKLESS IMPRUDENCE RESULTING TO DAMAGE TO PROPERTY - RPC Art 365,No,No,Yes,Human Error,Speeding,SOLVED (AMICABLY SETTLED),damp
3/7/2021,8:40:00 PM,rainy,HARRISON-CLAUDIO CARANTES,Along the street,RECKLESS IMPRUDENCE RESULTING TO DAMAGE TO PROPERTY - RPC Art 365,No,Yes,No,Environmental,Slippery Road due to Rain,SOLVED (AMICABLY SETTLED),wet
4/7/2021,11:40:00 PM,clear,LOURDES SUBDIVISION EXTENSION,Along the street,RECKLESS IMPRUDENCE RESULTING TO DAMAGE TO PROPERTY - RPC Art 365,No,No,Yes,Environmental,Fallen Tree on Road,SOLVED (AMICABLY SETTLED),dry
5/7/2021,8:00:00 PM,foggy,QUEZON HILL PROPER,Along the street,RECKLESS IMPRUDENCE RESULTING TO PHYSICAL INJURY - RPC Art 365,No,Yes,No,Environmental,Erosion of Roadside,SOLVED (AMICABLY SETTLED),damp
5/7/2021,8:00:00 PM,rainy,QUEZON HILL PROPER,Along the street,RECKLESS IMPRUDENCE RESULTING TO DAMAGE TO PROPERTY - RPC Art 365,No,Yes,No,Traffic Management Factors,Construction Without Warning Signs,SOLVED (AMICABLY SETTLED),wet
11/7/2021,5:05:00 PM,clear,CABINET HILL-TEACHER'S CAMP,Along the street,RECKLESS IMPRUDENCE RESULTING TO DAMAGE TO PROPERTY - RPC Art 365,No,No,Yes,Traffic Management Factors,Traffic Congestion,SOLVED (AMICABLY SETTLED),dry
7/15/2021,8:15:00 PM,rainy,KAGITINGAN,Along the street,RECKLESS IMPRUDENCE RESULTING TO DAMAGE TO PROPERTY - RPC Art 365,No,No,Yes,Environmental,Erosion of Roadside,SOLVED (AMICABLY SETTLED),wet
7/14/2021,10:30:00 AM,foggy,HILLSIDE,Along the street,RECKLESS IMPRUDENCE RESULTING TO DAMAGE TO PROPERTY - RPC Art 365,No,No,Yes,Human Error,Inattention,SOLVED (SUSPECT IDENTIFIED-VICTIM REFUSED TO FILE CHARGES),damp
7/14/2021,1:00:00 PM,clear,IRISAN,Along the street,RECKLESS IMPRUDENCE RESULTING TO DAMAGE TO PROPERTY - RPC Art 365,No,No,Yes,Traffic Management Factors,Defective Traffic Lights,SOLVED (AMICABLY SETTLED),dry
7/15/2021,3:00:00 PM,clear,HOLY GHOST PROPER,Along the street,RECKLESS IMPRUDENCE RESULTING TO DAMAGE TO PROPERTY - RPC Art 365,No,No,Yes,Environmental,Fallen Tree on Road,SOLVED (AMICABLY SETTLED),dry
7/17/2021,11:50:00 PM,foggy,MRR-QUEEN OF PEACE,Along the street,RECKLESS IMPRUDENCE RESULTING TO DAMAGE TO PROPERTY - RPC Art 365,No,No,Yes,Traffic Management Factors,Traffic Congestion,SOLVED (AMICABLY SETTLED),damp
7/17/2021,10:35:00 PM,rainy,"MAGSAYSAY, UPPER",Along the street,RECKLESS IMPRUDENCE RESULTING TO DAMAGE TO PROPERTY - RPC Art 365,No,Yes,No,Environmental,Slippery Road due to Rain,SOLVED (AMICABLY SETTLED),wet
7/17/2021,4:22:00 PM,clear,RIZAL MONUMENT AREA,Along the street,RECKLESS IMPRUDENCE RESULTING TO DAMAGE TO PROPERTY - RPC Art 365,No,No,Yes,Environmental,Fallen Tree on Road,SOLVED (AMICABLY SETTLED),dry
7/17/2021,7:00:00 PM,rainy,SAN ROQUE VILLAGE,Along the street,RECKLESS IMPRUDENCE RESULTING TO HOMICIDE - RPC Art 365,No,No,No,Traffic Management Factors,Blocked Intersection,SOLVED (FILED-ARRESTED),wet
7/18/2021,9:15:00 PM,foggy,LOAKAN PROPER,Along the street,RECKLESS IMPRUDENCE RESULTING TO DAMAGE TO PROPERTY - RPC Art 365,No,No,Yes,Human Error,Speeding,SOLVED (SUSPECT IDENTIFIED-VICTIM REFUSED TO FILE CHARGES),damp
7/18/2021,5:50:00 PM,clear,OUTLOOK DRIVE,Along the street,RECKLESS IMPRUDENCE RESULTING TO DAMAGE TO PROPERTY - RPC Art 365,No,No,Yes,Human Error,Speeding,SOLVED (AMICABLY SETTLED),dry
7/29/2021,10:30:00 AM,clear,SAN LUIS VILLAGE,Along the street,RECKLESS IMPRUDENCE RESULTING TO MULTIPLE PHYSICAL INJURY - RPC Art 365,No,Yes,No,Environmental,Erosion of Roadside,SOLVED (AMICABLY SETTLED),dry
7/22/2021,11:55:00 PM,foggy,ABCR,Along the street,RECKLESS IMPRUDENCE RESULTING TO DAMAGE TO PROPERTY - RPC Art 365,No,No,Yes,Environmental,Fallen Tree on Road,SOLVED (SUSPECT IDENTIFIED-VICTIM REFUSED TO FILE CHARGES),damp
7/22/2021,1:10:00 PM,rainy,AZCKO,Along the street,RECKLESS IMPRUDENCE RESULTING TO DAMAGE TO PROPERTY - RPC Art 365,No,Yes,No,Traffic Management Factors,Traffic Congestion,SOLVED (AMICABLY SETTLED),wet
8/14/2021,5:50:00 PM,clear,"MAGSAYSAY, LOWER",Along the street,RECKLESS IMPRUDENCE RESULTING TO DAMAGE TO PROPERTY - RPC Art 365,No,No,Yes,Human Error,Inattention,SOLVED (SUSPECT IDENTIFIED-VICTIM REFUSED TO FILE CHARGES),dry
7/22/2021,10:00:00 PM,rainy,"GENERAL LUNA, UPPER",Along the street,RECKLESS IMPRUDENCE RESULTING TO DAMAGE TO PROPERTY - RPC Art 365,No,No,Yes,Traffic Management Factors,Blocked Intersection,SOLVED (AMICABLY SETTLED),wet
7/22/2021,5:00:00 PM,foggy,MINES VIEW PARK,Along the street,RECKLESS IMPRUDENCE RESULTING TO DAMAGE TO PROPERTY - RPC Art 365,No,No,Yes,Traffic Management Factors,Defective Traffic Lights,SOLVED (AMICABLY SETTLED),damp
7/26/2021,1:45:00 PM,clear,SESSION GOV. PACK,Along the street,RECKLESS IMPRUDENCE RESULTING TO DAMAGE TO PROPERTY - RPC Art 365,No,No,Yes,Environmental,Erosion of Roadside,SOLVED (AMICABLY SETTLED),dry
7/26/2021,3:50:00 PM,clear,AZCKO,Along the street,RECKLESS IMPRUDENCE RESULTING TO DAMAGE TO PROPERTY - RPC Art 365,No,No,Yes,Traffic Management Factors,Construction Without Warning Signs,SOLVED (AMICABLY SETTLED),dry
7/27/2021,7:15:00 AM,foggy,ST. JOSEPH (NAVY BASE),Along the street,RECKLESS IMPRUDENCE RESULTING TO DAMAGE TO PROPERTY - RPC Art 365,No,No,Yes,Human Error,Speeding,SOLVED (SUSPECT IDENTIFIED-VICTIM REFUSED TO FILE CHARGES),damp
7/29/2021,7:50:00 PM,rainy,"LOURDES SUBDIVISION, LOWER",Along the street,RECKLESS IMPRUDENCE RESULTING TO PHYSICAL INJURY - RPC Art 365,No,No,Yes,Traffic Management Factors,Traffic Congestion,SOLVED (AMICABLY SETTLED),wet
7/29/2021,7:50:00 PM,clear,"LOURDES SUBDIVISION, LOWER",Along the street,RECKLESS IMPRUDENCE RESULTING TO DAMAGE TO PROPERTY - RPC Art 365,No,No,Yes,Environmental,Fallen Tree on Road,SOLVED (AMICABLY SETTLED),dry
4/8/2021,7:50:00 AM,rainy,CABINET HILL-TEACHER'S CAMP,Along the street,RECKLESS IMPRUDENCE RESULTING TO DAMAGE TO PROPERTY - RPC Art 365,No,No,Yes,Traffic Management Factors,Blocked Intersection,SOLVED (SUSPECT IDENTIFIED-VICTIM REFUSED TO FILE CHARGES),wet
1/8/2021,10:45:00 PM,foggy,KAYANG-HILLTOP,Along the street,RECKLESS IMPRUDENCE RESULTING TO DAMAGE TO PROPERTY - RPC Art 365,No,No,Yes,Environmental,Fallen Tree on Road,SOLVED (SUSPECT IDENTIFIED-VICTIM REFUSED TO FILE CHARGES),damp
7/9/2021,10:43:00 PM,clear,KAYANG-HILLTOP,Along the street,RECKLESS IMPRUDENCE RESULTING TO DAMAGE TO PROPERTY - RPC Art 365,No,No,Yes,Human Error,Illegal Overtaking,SOLVED (FILED-ARRESTED),dry
6/8/2021,8:30:00 AM,rainy,QUEZON HILL PROPER,Along the street,RECKLESS IMPRUDENCE RESULTING TO DAMAGE TO PROPERTY - RPC Art 365,No,No,Yes,Environmental,Slippery Road due to Rain,SOLVED (AMICABLY SETTLED),wet
8/8/2021,9:00:00 AM,foggy,RIZAL MONUMENT AREA,Along the street,RECKLESS IMPRUDENCE RESULTING TO DAMAGE TO PROPERTY - RPC Art 365,No,No,Yes,Traffic Management Factors,Blocked Intersection,SOLVED (SUSPECT IDENTIFIED-VICTIM REFUSED TO FILE CHARGES),damp
7/8/2021,6:50:00 PM,rainy,ST. JOSEPH (NAVY BASE),Along the street,RECKLESS IMPRUDENCE RESULTING TO DAMAGE TO PROPERTY - RPC Art 365,No,No,Yes,Environmental,Erosion of Roadside,SOLVED (AMICABLY SETTLED),wet
12/8/2021,8:30:00 PM,clear,IRISAN,Along the street,RECKLESS IMPRUDENCE RESULTING TO PHYSICAL INJURY - RPC Art 365,No,No,No,Traffic Management Factors,Traffic Congestion,SOLVED (AMICABLY SETTLED),dry
12/8/2021,8:30:00 AM,rainy,KAGITINGAN,Along the street,RECKLESS IMPRUDENCE RESULTING TO DAMAGE TO PROPERTY - RPC Art 365,No,Yes,No,Traffic Management Factors,Blocked Intersection,SOLVED (AMICABLY SETTLED),wet
8/23/2021,3:45:00 PM,foggy,SESSION GOV. PACK,Parking Area ,RECKLESS IMPRUDENCE RESULTING TO PHYSICAL INJURY - RPC Art 365,No,Yes,No,Human Error,Inattention,SOLVED (AMICABLY SETTLED),damp
8/23/2021,2:30:00 PM,clear,"MAGSAYSAY, UPPER",Along the street,RECKLESS IMPRUDENCE RESULTING TO DAMAGE TO PROPERTY - RPC Art 365,No,No,Yes,Human Error,Speeding,SOLVED (AMICABLY SETTLED),dry
8/19/2021,7:30:00 PM,clear,QUEZON HILL UPPER,Along the street,RECKLESS IMPRUDENCE RESULTING TO PHYSICAL INJURY - RPC Art 365,No,Yes,No,Traffic Management Factors,Defective Traffic Lights,SOLVED (AMICABLY SETTLED),dry
8/19/2021,7:30:00 PM,foggy,QUEZON HILL UPPER,Along the street,RECKLESS IMPRUDENCE RESULTING TO DAMAGE TO PROPERTY - RPC Art 365,No,Yes,No,Traffic Management Factors,Construction Without Warning Signs,SOLVED (AMICABLY SETTLED),damp
8/23/2021,10:20:00 PM,rainy,IRISAN,Along the street,RECKLESS IMPRUDENCE RESULTING TO MULTIPLE PHYSICAL INJURY - RPC Art 365,No,Yes,Yes,Environmental,Erosion of Roadside,SOLVED (AMICABLY SETTLED),wet
8/30/2021,9:40:00 PM,clear,ST. JOSEPH (NAVY BASE),Along the street,RECKLESS IMPRUDENCE RESULTING TO DAMAGE TO PROPERTY - RPC Art 365,No,No,Yes,Human Error,Speeding,SOLVED (AMICABLY SETTLED),dry
2/9/2021,4:00:00 AM,rainy,RIZAL MONUMENT AREA,Along the street,RECKLESS IMPRUDENCE RESULTING TO DAMAGE TO PROPERTY - RPC Art 365,No,Yes,No,Environmental,Fallen Tree on Road,SOLVED (AMICABLY SETTLED),wet
4/9/2021,10:40:00 PM,foggy,IRISAN,Along the street,RECKLESS IMPRUDENCE RESULTING TO PHYSICAL INJURY - RPC Art 365,No,No,No,Human Error,Inattention,SOLVED (SUSPECT IDENTIFIED-VICTIM REFUSED TO FILE CHARGES),damp
4/9/2021,7:00:00 PM,clear,IRISAN,Along the street,RECKLESS IMPRUDENCE RESULTING TO DAMAGE TO PROPERTY - RPC Art 365,No,No,Yes,Traffic Management Factors,Blocked Intersection,SOLVED (AMICABLY SETTLED),dry
4/9/2021,9:05:00 AM,clear,LUALHATI,Along the street,RECKLESS IMPRUDENCE RESULTING TO PHYSICAL INJURY - RPC Art 365,No,Yes,No,Traffic Management Factors,Traffic Congestion,SOLVED (AMICABLY SETTLED),dry
5/9/2021,5:35:00 PM,foggy,HARRISON-CLAUDIO CARANTES,Along the street,RECKLESS IMPRUDENCE RESULTING TO DAMAGE TO PROPERTY - RPC Art 365,No,No,Yes,Human Error,Speeding,SOLVED (AMICABLY SETTLED),damp
5/9/2021,8:00:00 AM,rainy,KABAYANIHAN,Along the street,RECKLESS IMPRUDENCE RESULTING TO DAMAGE TO PROPERTY - RPC Art 365,No,No,Yes,Traffic Management Factors,Traffic Congestion,SOLVED (AMICABLY SETTLED),wet
9/13/2021,2:23:00 PM,clear,IRISAN,Along the street,RECKLESS IMPRUDENCE RESULTING TO DAMAGE TO PROPERTY - RPC Art 365,No,No,Yes,Traffic Management Factors,Defective Traffic Lights,SOLVED (AMICABLY SETTLED),dry
6/9/2021,1:35:00 PM,rainy,DPS AREA,Along the street,RECKLESS IMPRUDENCE RESULTING TO DAMAGE TO PROPERTY - RPC Art 365,No,No,Yes,Human Error,Speeding,SOLVED (AMICABLY SETTLED),wet
8/9/2021,6:35:00 PM,foggy,OUTLOOK DRIVE,Along the street,RECKLESS IMPRUDENCE RESULTING TO DAMAGE TO PROPERTY - RPC Art 365,No,No,Yes,Traffic Management Factors,Defective Traffic Lights,SOLVED (SUSPECT IDENTIFIED-VICTIM REFUSED TO FILE CHARGES),damp
9/9/2021,5:00:00 PM,clear,GIBRALTAR,Along the street,RECKLESS IMPRUDENCE RESULTING TO PHYSICAL INJURY - RPC Art 365,No,Yes,No,Traffic Management Factors,Construction Without Warning Signs,SOLVED (AMICABLY SETTLED),dry
10/9/2021,9:45:00 PM,clear,"MAGSAYSAY, UPPER",Along the street,RECKLESS IMPRUDENCE RESULTING TO DAMAGE TO PROPERTY - RPC Art 365,No,No,Yes,Traffic Management Factors,Blocked Intersection,SOLVED (AMICABLY SETTLED),dry
9/9/2021,8:00:00 PM,rainy,FAIRVIEW VILLAGE,Along the street,RECKLESS IMPRUDENCE RESULTING TO PHYSICAL INJURY - RPC Art 365,No,Yes,No,Environmental,Slippery Road due to Rain,SOLVED (AMICABLY SETTLED),wet
9/9/2021,8:00:00 PM,rainy,FAIRVIEW VILLAGE,Along the street,RECKLESS IMPRUDENCE RESULTING TO DAMAGE TO PROPERTY - RPC Art 365,No,Yes,No,Human Error,Speeding,SOLVED (SUSPECT IDENTIFIED-VICTIM REFUSED TO FILE CHARGES),wet
10/9/2021,9:27:00 PM,clear,VICTORIA VILLAGE,Along the street,RECKLESS IMPRUDENCE RESULTING TO DAMAGE TO PROPERTY - RPC Art 365,No,No,Yes,Traffic Management Factors,Traffic Congestion,SOLVED (AMICABLY SETTLED),dry
11/9/2021,10:00:00 PM,rainy,QUEZON HILL MIDDLE,Along the street,RECKLESS IMPRUDENCE RESULTING TO DAMAGE TO PROPERTY - RPC Art 365,No,No,Yes,Environmental,Fallen Tree on Road,SOLVED (AMICABLY SETTLED),wet
9/13/2021,3:00:00 PM,foggy,SAN LUIS VILLAGE,Along the street,RECKLESS IMPRUDENCE RESULTING TO DAMAGE TO PROPERTY - RPC Art 365,No,No,Yes,Human Error,Inattention,SOLVED (AMICABLY SETTLED),damp
9/15/2021,11:50:00 PM,clear,IMELDA BARANGAY,Along the street,RECKLESS IMPRUDENCE RESULTING TO DAMAGE TO PROPERTY - RPC Art 365,No,Yes,No,Traffic Management Factors,Defective Traffic Lights,SOLVED (AMICABLY SETTLED),dry
9/14/2021,4:00:00 PM,clear,MORCO VILLE,Along the street,RECKLESS IMPRUDENCE RESULTING TO DAMAGE TO PROPERTY - RPC Art 365,No,No,Yes,Environmental,Erosion of Roadside,SOLVED (SUSPECT IDENTIFIED-VICTIM REFUSED TO FILE CHARGES),dry
9/14/2021,1:00:00 AM,rainy,PUCSUSAN,Along the street,RECKLESS IMPRUDENCE RESULTING TO DAMAGE TO PROPERTY - RPC Art 365,No,No,Yes,Environmental,Slippery Road due to Rain,SOLVED (SUSPECT IDENTIFIED-VICTIM REFUSED TO FILE CHARGES),wet
9/15/2021,5:00:00 PM,rainy,KABAYANIHAN,Along the street,RECKLESS IMPRUDENCE RESULTING TO DAMAGE TO PROPERTY - RPC Art 365,No,No,Yes,Human Error,Illegal Overtaking,SOLVED (AMICABLY SETTLED),wet
9/15/2021,1:48:00 PM,clear,"MAGSAYSAY, UPPER",Along the street,RECKLESS IMPRUDENCE RESULTING TO DAMAGE TO PROPERTY - RPC Art 365,No,No,Yes,Environmental,Fallen Tree on Road,SOLVED (AMICABLY SETTLED),dry
9/15/2021,1:00:00 PM,clear,"MAGSAYSAY, UPPER",Along the street,RECKLESS IMPRUDENCE RESULTING TO MULTIPLE DAMAGE TO PROPERTY - RPC Art 365,No,Yes,Yes,Human Error,Inattention,SOLVED (SUSPECT IDENTIFIED-VICTIM REFUSED TO FILE CHARGES),dry
9/16/2021,1:50:00 AM,foggy,IMELDA VILLAGE,Along the street,RECKLESS IMPRUDENCE RESULTING TO DAMAGE TO PROPERTY - RPC Art 365,No,No,Yes,Traffic Management Factors,Defective Traffic Lights,SOLVED (AMICABLY SETTLED),damp
9/18/2021,12:50:00 PM,rainy,QUEZON HILL PROPER,Along the street,RECKLESS IMPRUDENCE RESULTING TO MULTIPLE DAMAGE TO PROPERTY - RPC Art 365,No,No,Yes,Traffic Management Factors,Traffic Congestion,SOLVED (AMICABLY SETTLED),wet
9/19/2021,2:20:00 PM,clear,ENGINEERS' HILL,Along the street,RECKLESS IMPRUDENCE RESULTING TO DAMAGE TO PROPERTY - RPC Art 365,No,No,Yes,Traffic Management Factors,Blocked Intersection,SOLVED (SUSPECT IDENTIFIED-VICTIM REFUSED TO FILE CHARGES),dry
9/19/2021,4:00:00 PM,rainy,LUALHATI,Along the street,RECKLESS IMPRUDENCE RESULTING TO DAMAGE TO PROPERTY - RPC Art 365,No,No,Yes,Environmental,Slippery Road due to Rain,SOLVED (AMICABLY SETTLED),wet
9/19/2021,1:30:00 PM,rainy,DPS AREA,Along the street,RECKLESS IMPRUDENCE RESULTING TO DAMAGE TO PROPERTY - RPC Art 365,No,No,Yes,Traffic Management Factors,Construction Without Warning Signs,SOLVED (AMICABLY SETTLED),wet
9/20/2021,12:45:00 PM,clear,"LOURDES SUBDIVISION, PROPER",Parking Area ,RECKLESS IMPRUDENCE RESULTING TO DAMAGE TO PROPERTY - RPC Art 365,No,No,Yes,Human Error,Speeding,SOLVED (AMICABLY SETTLED),dry
9/21/2021,4:26:00 PM,foggy,MORCO VILLE,Parking Area ,RECKLESS IMPRUDENCE RESULTING TO DAMAGE TO PROPERTY - RPC Art 365,No,No,Yes,Traffic Management Factors,Blocked Intersection,SOLVED (SUSPECT IDENTIFIED-VICTIM REFUSED TO FILE CHARGES),damp
9/25/2021,11:21:00 AM,rainy,HOLY GHOST PROPER,Along the street,RECKLESS IMPRUDENCE RESULTING TO DAMAGE TO PROPERTY - RPC Art 365,No,No,Yes,Environmental,Fallen Tree on Road,SOLVED (AMICABLY SETTLED),wet
9/28/2021,9:00:00 PM,clear,BAKAKENG NORTE/SUR,Along the street,RECKLESS IMPRUDENCE RESULTING TO DAMAGE TO PROPERTY - RPC Art 365,No,No,Yes,Environmental,Erosion of Roadside,SOLVED (AMICABLY SETTLED),dry
9/28/2021,2:28:00 PM,rainy,QUEZON HILL MIDDLE,Along the street,RECKLESS IMPRUDENCE RESULTING TO DAMAGE TO PROPERTY - RPC Art 365,No,No,Yes,Traffic Management Factors,Traffic Congestion,SOLVED (AMICABLY SETTLED),wet
9/29/2021,7:55:00 AM,rainy,PACDAL,Along the street,RECKLESS IMPRUDENCE RESULTING TO DAMAGE TO PROPERTY - RPC Art 365,No,No,Yes,Environmental,Erosion of Roadside,SOLVED (SUSPECT IDENTIFIED-VICTIM REFUSED TO FILE CHARGES),wet
9/30/2021,6:00:00 PM,rainy,MANUEL A. ROXAS,Along the street,RECKLESS IMPRUDENCE RESULTING TO DAMAGE TO PROPERTY - RPC Art 365,No,No,Yes,Environmental,Slippery Road due to Rain,SOLVED (AMICABLY SETTLED),wet
3/10/2021,5:15:00 PM,foggy,MORCO VILLE,Along the street,RECKLESS IMPRUDENCE RESULTING TO DAMAGE TO PROPERTY - RPC Art 365,No,No,Yes,Human Error,Inattention,SOLVED (SUSPECT IDENTIFIED-VICTIM REFUSED TO FILE CHARGES),damp
2/10/2021,12:50:00 PM,rainy,"MODERN SITE, EAST",Along the street,RECKLESS IMPRUDENCE RESULTING TO DAMAGE TO PROPERTY - RPC Art 365,No,No,Yes,Traffic Management Factors,Traffic Congestion,SOLVED (SUSPECT IDENTIFIED-VICTIM REFUSED TO FILE CHARGES),wet
4/10/2021,5:00:00 PM,clear,CAMPO FILIPINO,Along the street,RECKLESS IMPRUDENCE RESULTING TO DAMAGE TO PROPERTY - RPC Art 365,No,No,Yes,Traffic Management Factors,Construction Without Warning Signs,SOLVED (AMICABLY SETTLED),dry
2/10/2021,8:35:00 PM,clear,SAN LUIS VILLAGE,Along the street,RECKLESS IMPRUDENCE RESULTING TO DAMAGE TO PROPERTY - RPC Art 365,No,No,Yes,Environmental,Erosion of Roadside,SOLVED (AMICABLY SETTLED),dry
4/10/2021,5:35:00 PM,foggy,BURNHAM-LEGARDA,Along the street,RECKLESS IMPRUDENCE RESULTING TO PHYSICAL INJURY - RPC Art 365,No,Yes,No,Environmental,Fallen Tree on Road,SOLVED (AMICABLY SETTLED),damp
3/10/2021,8:45:00 PM,rainy,ST. JOSEPH (NAVY BASE),Along the street,RECKLESS IMPRUDENCE RESULTING TO DAMAGE TO PROPERTY - RPC Art 365,No,No,Yes,Environmental,Slippery Road due to Rain,SOLVED (SUSPECT IDENTIFIED-VICTIM REFUSED TO FILE CHARGES),wet
3/10/2021,6:45:00 AM,clear,COUNTRY CLUB VILLAGE,Along the street,RECKLESS IMPRUDENCE RESULTING TO DAMAGE TO PROPERTY - RPC Art 365,No,No,Yes,Human Error,Inattention,SOLVED (SUSPECT IDENTIFIED-VICTIM REFUSED TO FILE CHARGES),dry
3/10/2021,9:15:00 AM,clear,SESSION GOV. PACK,Along the street,RECKLESS IMPRUDENCE RESULTING TO DAMAGE TO PROPERTY - RPC Art 365,No,No,Yes,Traffic Management Factors,Traffic Congestion,SOLVED (AMICABLY SETTLED),dry
3/10/2021,7:45:00 AM,foggy,RIZAL MONUMENT AREA,Along the street,RECKLESS IMPRUDENCE RESULTING TO DAMAGE TO PROPERTY - RPC Art 365,No,No,Yes,Traffic Management Factors,Construction Without Warning Signs,SOLVED (AMICABLY SETTLED),damp
4/10/2021,12:30:00 AM,rainy,BAKAKENG CENTRAL,Along the street,RECKLESS IMPRUDENCE RESULTING TO DAMAGE TO PROPERTY - RPC Art 365,No,No,Yes,Traffic Management Factors,Defective Traffic Lights,SOLVED (AMICABLY SETTLED),wet
10/13/2021,12:40:00 PM,foggy,BURNHAM-LEGARDA,Along the street,RECKLESS IMPRUDENCE RESULTING TO DAMAGE TO PROPERTY - RPC Art 365,No,No,Yes,Human Error,Speeding,SOLVED (AMICABLY SETTLED),damp
6/10/2021,11:50:00 AM,clear,BAKAKENG NORTE/SUR,Along the street,RECKLESS IMPRUDENCE RESULTING TO HOMICIDE - RPC Art 365,No,No,Yes,Environmental,Erosion of Roadside,SOLVED (AMICABLY SETTLED),dry
5/10/2021,10:00:00 AM,rainy,QUEZON HILL PROPER,Along the street,RECKLESS IMPRUDENCE RESULTING TO DAMAGE TO PROPERTY - RPC Art 365,No,No,Yes,Traffic Management Factors,Blocked Intersection,SOLVED (AMICABLY SETTLED),wet
7/10/2021,6:10:00 PM,foggy,SESSION GOV. PACK,Parking Area ,RECKLESS IMPRUDENCE RESULTING TO DAMAGE TO PROPERTY - RPC Art 365,No,No,Yes,Human Error,Inattention,SOLVED (AMICABLY SETTLED),damp
10/15/2021,2:00:00 PM,clear,ABCR,Along the street,RECKLESS IMPRUDENCE RESULTING TO DAMAGE TO PROPERTY - RPC Art 365,No,No,Yes,Environmental,Erosion of Roadside,SOLVED (AMICABLY SETTLED),dry
9/10/2021,5:40:00 PM,foggy,"GENERAL LUNA, LOWER",Along the street,RECKLESS IMPRUDENCE RESULTING TO DAMAGE TO PROPERTY - RPC Art 365,No,No,Yes,Environmental,Erosion of Roadside,SOLVED (AMICABLY SETTLED),damp
10/13/2021,6:57:00 PM,rainy,MANUEL A. ROXAS,Along the street,RECKLESS IMPRUDENCE RESULTING TO DAMAGE TO PROPERTY - RPC Art 365,No,No,Yes,Environmental,Fallen Tree on Road,SOLVED (AMICABLY SETTLED),wet
11/10/2021,11:15:00 AM,clear,CABINET HILL-TEACHER'S CAMP,Along the street,RECKLESS IMPRUDENCE RESULTING TO DAMAGE TO PROPERTY - RPC Art 365,No,No,Yes,Traffic Management Factors,Construction Without Warning Signs,SOLVED (AMICABLY SETTLED),dry
10/13/2021,5:50:00 PM,rainy,HARRISON-CLAUDIO CARANTES,Along the street,RECKLESS IMPRUDENCE RESULTING TO DAMAGE TO PROPERTY - RPC Art 365,No,No,Yes,Environmental,Slippery Road due to Rain,SOLVED (AMICABLY SETTLED),wet
10/13/2021,11:20:00 AM,clear,"MAGSAYSAY, UPPER",Along the street,RECKLESS IMPRUDENCE RESULTING TO DAMAGE TO PROPERTY - RPC Art 365,No,No,Yes,Traffic Management Factors,Defective Traffic Lights,SOLVED (AMICABLY SETTLED),dry
10/16/2021,6:25:00 PM,foggy,IMELDA BARANGAY,Along the street,RECKLESS IMPRUDENCE RESULTING TO DAMAGE TO PROPERTY - RPC Art 365,No,No,Yes,Human Error,Speeding,SOLVED (AMICABLY SETTLED),damp
10/15/2021,1:59:00 PM,clear,PACDAL,Along the street,RECKLESS IMPRUDENCE RESULTING TO DAMAGE TO PROPERTY - RPC Art 365,No,No,Yes,Environmental,Fallen Tree on Road,SOLVED (AMICABLY SETTLED),dry
10/15/2021,8:17:00 AM,foggy,ST. JOSEPH (NAVY BASE),Along the street,RECKLESS IMPRUDENCE RESULTING TO DAMAGE TO PROPERTY - RPC Art 365,No,No,Yes,Human Error,Illegal Overtaking,SOLVED (AMICABLY SETTLED),damp
10/15/2021,11:00:00 AM,rainy,SAN LUIS VILLAGE,Along the street,RECKLESS IMPRUDENCE RESULTING TO PHYSICAL INJURY - RPC Art 365,No,No,Yes,Traffic Management Factors,Traffic Congestion,SOLVED (AMICABLY SETTLED),wet
10/15/2021,11:00:00 AM,rainy,SAN LUIS VILLAGE,Along the street,RECKLESS IMPRUDENCE RESULTING TO DAMAGE TO PROPERTY - RPC Art 365,No,No,Yes,Environmental,Slippery Road due to Rain,SOLVED (AMICABLY SETTLED),wet
10/16/2021,4:00:00 PM,clear,GIBRALTAR,Along the street,RECKLESS IMPRUDENCE RESULTING TO DAMAGE TO PROPERTY - RPC Art 365,No,No,Yes,Traffic Management Factors,Blocked Intersection,SOLVED (AMICABLY SETTLED),dry
10/17/2021,9:15:00 AM,foggy,IRISAN,Along the street,RECKLESS IMPRUDENCE RESULTING TO PHYSICAL INJURY - RPC Art 365,No,Yes,No,Traffic Management Factors,Traffic Congestion,SOLVED (AMICABLY SETTLED),damp
10/19/2021,8:30:00 PM,rainy,KAYANG EXTENSION,Along the street,RECKLESS IMPRUDENCE RESULTING TO DAMAGE TO PROPERTY - RPC Art 365,No,No,Yes,Environmental,Fallen Tree on Road,SOLVED (AMICABLY SETTLED),wet
10/19/2021,1:45:00 PM,clear,RIZAL MONUMENT AREA,Along the street,RECKLESS IMPRUDENCE RESULTING TO DAMAGE TO PROPERTY - RPC Art 365,No,No,Yes,Human Error,Inattention,SOLVED (AMICABLY SETTLED),dry
10/18/2021,3:20:00 AM,foggy,"AURORA HILL, NORTH CENTRAL",Along the street,RECKLESS IMPRUDENCE RESULTING TO PHYSICAL INJURY - RPC Art 365,No,Yes,No,Traffic Management Factors,Defective Traffic Lights,SOLVED (AMICABLY SETTLED),damp
10/18/2021,3:20:00 AM,clear,"AURORA HILL, NORTH CENTRAL",Along the street,RECKLESS IMPRUDENCE RESULTING TO DAMAGE TO PROPERTY - RPC Art 365,No,Yes,No,Human Error,Speeding,SOLVED (AMICABLY SETTLED),dry
10/18/2021,8:30:00 AM,rainy,QUEZON HILL PROPER,Along the street,RECKLESS IMPRUDENCE RESULTING TO DAMAGE TO PROPERTY - RPC Art 365,No,No,Yes,Traffic Management Factors,Traffic Congestion,SOLVED (AMICABLY SETTLED),wet
10/20/2021,11:45:00 AM,foggy,LUALHATI,Along the street,RECKLESS IMPRUDENCE RESULTING TO DAMAGE TO PROPERTY - RPC Art 365,No,No,Yes,Environmental,Erosion of Roadside,SOLVED (AMICABLY SETTLED),damp
10/21/2021,11:20:00 PM,rainy,AZCKO,Along the street,RECKLESS IMPRUDENCE RESULTING TO DAMAGE TO PROPERTY - RPC Art 365,No,No,Yes,Environmental,Slippery Road due to Rain,SOLVED (AMICABLY SETTLED),wet
10/20/2021,7:50:00 PM,clear,QUEZON HILL PROPER,Along the street,RECKLESS IMPRUDENCE RESULTING TO DAMAGE TO PROPERTY - RPC Art 365,No,No,Yes,Environmental,Fallen Tree on Road,SOLVED (AMICABLY SETTLED),dry
10/22/2021,9:45:00 PM,rainy,AZCKO,Along the street,RECKLESS IMPRUDENCE RESULTING TO DAMAGE TO PROPERTY - RPC Art 365,No,No,Yes,Traffic Management Factors,Construction Without Warning Signs,SOLVED (AMICABLY SETTLED),wet
10/22/2021,8:30:00 PM,foggy,MALCOLM SQUARE,Along the street,RECKLESS IMPRUDENCE RESULTING TO DAMAGE TO PROPERTY - RPC Art 365,No,No,Yes,Environmental,Fallen Tree on Road,SOLVED (AMICABLY SETTLED),damp
10/22/2021,2:40:00 PM,rainy,AZCKO,Along the street,RECKLESS IMPRUDENCE RESULTING TO DAMAGE TO PROPERTY - RPC Art 365,No,No,Yes,Environmental,Slippery Road due to Rain,SOLVED (AMICABLY SETTLED),wet
10/26/2021,11:40:00 PM,rainy,KAGITINGAN,Along the street,RECKLESS IMPRUDENCE RESULTING TO DAMAGE TO PROPERTY - RPC Art 365,No,No,Yes,Traffic Management Factors,Defective Traffic Lights,SOLVED (AMICABLY SETTLED),wet
10/26/2021,4:20:00 PM,foggy,KAYANG-HILLTOP,Along the street,RECKLESS IMPRUDENCE RESULTING TO PHYSICAL INJURY - RPC Art 365,No,Yes,No,Traffic Management Factors,Defective Traffic Lights,SOLVED (AMICABLY SETTLED),damp
10/26/2021,3:40:00 PM,clear,RIZAL MONUMENT AREA,Along the street,RECKLESS IMPRUDENCE RESULTING TO DAMAGE TO PROPERTY - RPC Art 365,No,No,Yes,Traffic Management Factors,Blocked Intersection,SOLVED (AMICABLY SETTLED),dry
10/26/2021,11:00:00 AM,clear,TEODORA ALONZO,Along the street,RECKLESS IMPRUDENCE RESULTING TO DAMAGE TO PROPERTY - RPC Art 365,No,No,Yes,Environmental,Erosion of Roadside,SOLVED (AMICABLY SETTLED),dry
10/26/2021,8:15:00 AM,rainy,RIZAL MONUMENT AREA,Along the street,RECKLESS IMPRUDENCE RESULTING TO DAMAGE TO PROPERTY - RPC Art 365,No,No,Yes,Human Error,Inattention,SOLVED (AMICABLY SETTLED),wet
10/27/2021,6:50:00 PM,foggy,IMELDA BARANGAY,Along the street,RECKLESS IMPRUDENCE RESULTING TO DAMAGE TO PROPERTY - RPC Art 365,No,No,Yes,Traffic Management Factors,Traffic Congestion,SOLVED (AMICABLY SETTLED),damp
10/27/2021,12:50:00 PM,clear,BGH COMPOUND,Along the street,RECKLESS IMPRUDENCE RESULTING TO DAMAGE TO PROPERTY - RPC Art 365,No,No,Yes,Traffic Management Factors,Defective Traffic Lights,SOLVED (AMICABLY SETTLED),dry
10/28/2021,11:40:00 AM,rainy,KAGITINGAN,Along the street,RECKLESS IMPRUDENCE RESULTING TO DAMAGE TO PROPERTY - RPC Art 365,No,No,Yes,Traffic Management Factors,Blocked Intersection,SOLVED (AMICABLY SETTLED),wet
10/29/2021,10:50:00 PM,foggy,IMELDA BARANGAY,Along the street,RECKLESS IMPRUDENCE RESULTING TO DAMAGE TO PROPERTY - RPC Art 365,No,No,Yes,Traffic Management Factors,Traffic Congestion,SOLVED (AMICABLY SETTLED),damp
2/11/2021,7:35:00 PM,clear,AZCKO,Along the street,RECKLESS IMPRUDENCE RESULTING TO DAMAGE TO PROPERTY - RPC Art 365,No,No,Yes,Human Error,Inattention,SOLVED (AMICABLY SETTLED),dry
10/29/2021,2:35:00 AM,rainy,AZCKO,Along the street,RECKLESS IMPRUDENCE RESULTING TO DAMAGE TO PROPERTY - RPC Art 365,No,No,Yes,Environmental,Slippery Road due to Rain,SOLVED (AMICABLY SETTLED),wet
10/30/2021,5:00:00 PM,foggy,HONEYMOON (HONEYMOON-HOLY GHOST),Along the street,RECKLESS IMPRUDENCE RESULTING TO DAMAGE TO PROPERTY - RPC Art 365,No,No,No,Environmental,Fallen Tree on Road,SOLVED (AMICABLY SETTLED),damp
10/30/2021,2:30:00 PM,clear,PACDAL,Along the street,RECKLESS IMPRUDENCE RESULTING TO DAMAGE TO PROPERTY - RPC Art 365,No,No,Yes,Traffic Management Factors,Blocked Intersection,SOLVED (AMICABLY SETTLED),dry
10/31/2021,4:00:00 PM,foggy,LOAKAN PROPER,Along the street,RECKLESS IMPRUDENCE RESULTING TO PHYSICAL INJURY - RPC Art 365,No,No,No,Human Error,Illegal Overtaking,SOLVED (SUSPECT IDENTIFIED-VICTIM REFUSED TO FILE CHARGES),damp
1/11/2021,11:49:00 AM,rainy,MILITARY CUT-OFF,Along the street,RECKLESS IMPRUDENCE RESULTING TO DAMAGE TO PROPERTY - RPC Art 365,No,No,Yes,Traffic Management Factors,Blocked Intersection,SOLVED (AMICABLY SETTLED),wet
1/11/2021,1:30:00 PM,clear,SESSION GOV. PACK,Along the street,RECKLESS IMPRUDENCE RESULTING TO DAMAGE TO PROPERTY - RPC Art 365,No,No,Yes,Traffic Management Factors,Traffic Congestion,SOLVED (AMICABLY SETTLED),dry
1/11/2021,12:00:00 PM,rainy,SESSION GOV. PACK,Parking Area ,RECKLESS IMPRUDENCE RESULTING TO DAMAGE TO PROPERTY - RPC Art 365,No,No,Yes,Traffic Management Factors,Blocked Intersection,SOLVED (AMICABLY SETTLED),wet
2/11/2021,8:30:00 AM,foggy,"MAGSAYSAY, UPPER",Along the street,RECKLESS IMPRUDENCE RESULTING TO DAMAGE TO PROPERTY - RPC Art 365,No,No,Yes,Human Error,Speeding,SOLVED (AMICABLY SETTLED),damp
2/11/2021,6:00:00 PM,clear,LUALHATI,Along the street,RECKLESS IMPRUDENCE RESULTING TO DAMAGE TO PROPERTY - RPC Art 365,No,No,Yes,Human Error,Inattention,SOLVED (AMICABLY SETTLED),dry
4/11/2021,2:00:00 PM,foggy,MILITARY CUT-OFF,Parking Area ,RECKLESS IMPRUDENCE RESULTING TO DAMAGE TO PROPERTY - RPC Art 365,No,No,Yes,Environmental,Fallen Tree on Road,SOLVED (AMICABLY SETTLED),damp
4/11/2021,6:18:00 PM,clear,KABAYANIHAN,Along the street,RECKLESS IMPRUDENCE RESULTING TO PHYSICAL INJURY - RPC Art 365,No,Yes,No,Traffic Management Factors,Traffic Congestion,SOLVED (AMICABLY SETTLED),dry
4/11/2021,3:00:00 PM,rainy,AZCKO,Along the street,RECKLESS IMPRUDENCE RESULTING TO DAMAGE TO PROPERTY - RPC Art 365,No,No,Yes,Traffic Management Factors,Defective Traffic Lights,SOLVED (AMICABLY SETTLED),wet
4/11/2021,11:30:00 AM,clear,HARRISON-CLAUDIO CARANTES,Along the street,RECKLESS IMPRUDENCE RESULTING TO DAMAGE TO PROPERTY - RPC Art 365,No,No,Yes,Environmental,Erosion of Roadside,SOLVED (AMICABLY SETTLED),dry
4/11/2021,6:40:00 PM,foggy,KAYANG EXTENSION,Along the street,RECKLESS IMPRUDENCE RESULTING TO DAMAGE TO PROPERTY - RPC Art 365,No,No,Yes,Traffic Management Factors,Defective Traffic Lights,SOLVED (AMICABLY SETTLED),damp
5/11/2021,1:20:00 PM,rainy,QUEZON HILL PROPER,Along the street,RECKLESS IMPRUDENCE RESULTING TO DAMAGE TO PROPERTY - RPC Art 365,No,No,Yes,Human Error,Illegal Overtaking,SOLVED (AMICABLY SETTLED),wet
5/11/2021,5:00:00 PM,clear,IRISAN,Along the street,RECKLESS IMPRUDENCE RESULTING TO PHYSICAL INJURY - RPC Art 365,No,Yes,No,Traffic Management Factors,Traffic Congestion,SOLVED (AMICABLY SETTLED),dry
4/11/2021,12:40:00 PM,clear,PACDAL,Along the street,RECKLESS IMPRUDENCE RESULTING TO DAMAGE TO PROPERTY - RPC Art 365,No,No,Yes,Environmental,Erosion of Roadside,SOLVED (AMICABLY SETTLED),dry
5/11/2021,11:35:00 PM,foggy,SOUTH DRIVE,Along the street,RECKLESS IMPRUDENCE RESULTING TO DAMAGE TO PROPERTY - RPC Art 365,No,Yes,No,Human Error,Speeding,SOLVED (SUSPECT IDENTIFIED-VICTIM REFUSED TO FILE CHARGES),damp
11/11/2021,6:45:00 PM,rainy,BAKAKENG NORTE/SUR,Along the street,RECKLESS IMPRUDENCE RESULTING TO DAMAGE TO PROPERTY - RPC Art 365,No,No,Yes,Environmental,Slippery Road due to Rain,SOLVED (AMICABLY SETTLED),wet
5/11/2021,9:00:00 AM,clear,SAN LUIS VILLAGE,Along the street,RECKLESS IMPRUDENCE RESULTING TO DAMAGE TO PROPERTY - RPC Art 365,No,No,Yes,Traffic Management Factors,Traffic Congestion,SOLVED (AMICABLY SETTLED),dry
5/11/2021,7:15:00 AM,foggy,SAN LUIS VILLAGE,Along the street,RECKLESS IMPRUDENCE RESULTING TO DAMAGE TO PROPERTY - RPC Art 365,No,No,Yes,Traffic Management Factors,Blocked Intersection,SOLVED (AMICABLY SETTLED),damp
5/11/2021,7:05:00 AM,rainy,BALSIGAN,Parking Area ,RECKLESS IMPRUDENCE RESULTING TO DAMAGE TO PROPERTY - RPC Art 365,No,No,Yes,Traffic Management Factors,Construction Without Warning Signs,SOLVED (SUSPECT IDENTIFIED-VICTIM REFUSED TO FILE CHARGES),wet
6/11/2021,11:45:00 PM,clear,DPS AREA,Along the street,RECKLESS IMPRUDENCE RESULTING TO DAMAGE TO PROPERTY - RPC Art 365,No,No,Yes,Human Error,Speeding,SOLVED (AMICABLY SETTLED),dry
6/11/2021,3:00:00 PM,clear,LUALHATI,Along the street,RECKLESS IMPRUDENCE RESULTING TO DAMAGE TO PROPERTY - RPC Art 365,No,No,Yes,Environmental,Fallen Tree on Road,SOLVED (AMICABLY SETTLED),dry
7/11/2021,7:30:00 PM,foggy,RIZAL MONUMENT AREA,Along the street,RECKLESS IMPRUDENCE RESULTING TO HOMICIDE - RPC Art 365,No,Yes,No,Human Error,Speeding,SOLVED (FILED-ARRESTED),damp
9/11/2021,8:26:00 AM,rainy,MANUEL A. ROXAS,Along the street,RECKLESS IMPRUDENCE RESULTING TO PHYSICAL INJURY - RPC Art 365,No,Yes,No,Traffic Management Factors,Blocked Intersection,SOLVED (AMICABLY SETTLED),wet
9/11/2021,6:25:00 PM,clear,BAKAKENG NORTE/SUR,Along the street,RECKLESS IMPRUDENCE RESULTING TO DAMAGE TO PROPERTY - RPC Art 365,No,No,Yes,Traffic Management Factors,Defective Traffic Lights,SOLVED (AMICABLY SETTLED),dry
11/11/2021,8:00:00 AM,foggy,OUTLOOK DRIVE,Along the street,RECKLESS IMPRUDENCE RESULTING TO DAMAGE TO PROPERTY - RPC Art 365,No,No,Yes,Traffic Management Factors,Traffic Congestion,SOLVED (AMICABLY SETTLED),damp
12/11/2021,6:45:00 PM,rainy,MALCOLM SQUARE,Along the street,RECKLESS IMPRUDENCE RESULTING TO PHYSICAL INJURY - RPC Art 365,No,Yes,No,Environmental,Erosion of Roadside,SOLVED (AMICABLY SETTLED),wet
12/11/2021,11:36:00 AM,clear,SESSION GOV. PACK,Along the street,RECKLESS IMPRUDENCE RESULTING TO DAMAGE TO PROPERTY - RPC Art 365,No,No,Yes,Environmental,Erosion of Roadside,SOLVED (AMICABLY SETTLED),dry
11/18/2021,8:00:00 AM,clear,"LOURDES SUBDIVISION, PROPER",Recreational Place ,RECKLESS IMPRUDENCE RESULTING TO DAMAGE TO PROPERTY - RPC Art 365,No,No,Yes,Human Error,Inattention,SOLVED (SUSPECT IDENTIFIED-VICTIM REFUSED TO FILE CHARGES),dry
11/15/2021,4:59:00 PM,rainy,KABAYANIHAN,Along the street,RECKLESS IMPRUDENCE RESULTING TO DAMAGE TO PROPERTY - RPC Art 365,No,No,Yes,Environmental,Slippery Road due to Rain,SOLVED (AMICABLY SETTLED),wet
11/15/2021,10:10:00 AM,rainy,AZCKO,Along the street,RECKLESS IMPRUDENCE RESULTING TO MULTIPLE DAMAGE TO PROPERTY - RPC Art 365,No,No,Yes,Traffic Management Factors,Blocked Intersection,SOLVED (AMICABLY SETTLED),wet
11/15/2021,10:45:00 AM,clear,"GENERAL LUNA, LOWER",Along the street,RECKLESS IMPRUDENCE RESULTING TO DAMAGE TO PROPERTY - RPC Art 365,No,No,Yes,Human Error,Illegal Overtaking,SOLVED (AMICABLY SETTLED),dry
11/15/2021,2:30:00 PM,foggy,MORCO VILLE,Along the street,RECKLESS IMPRUDENCE RESULTING TO DAMAGE TO PROPERTY - RPC Art 365,No,No,Yes,Human Error,Inattention,SOLVED (AMICABLY SETTLED),damp
11/16/2021,10:00:00 PM,rainy,SESSION GOV. PACK,Along the street,RECKLESS IMPRUDENCE RESULTING TO DAMAGE TO PROPERTY - RPC Art 365,No,No,Yes,Traffic Management Factors,Traffic Congestion,SOLVED (AMICABLY SETTLED),wet
11/16/2021,11:00:00 PM,clear,RIZAL MONUMENT AREA,Along the street,RECKLESS IMPRUDENCE RESULTING TO DAMAGE TO PROPERTY - RPC Art 365,No,No,Yes,Traffic Management Factors,Blocked Intersection,SOLVED (AMICABLY SETTLED),dry
11/19/2021,11:00:00 PM,clear,IRISAN,Along the street,RECKLESS IMPRUDENCE RESULTING TO DAMAGE TO PROPERTY - RPC Art 365,No,No,Yes,Traffic Management Factors,Defective Traffic Lights,SOLVED (AMICABLY SETTLED),dry
11/19/2021,10:00:00 PM,foggy,BURNHAM-LEGARDA,Along the street,RECKLESS IMPRUDENCE RESULTING TO DAMAGE TO PROPERTY - RPC Art 365,No,No,Yes,Human Error,Speeding,SOLVED (AMICABLY SETTLED),damp
11/18/2021,10:20:00 AM,rainy,LUALHATI,Along the street,RECKLESS IMPRUDENCE RESULTING TO DAMAGE TO PROPERTY - RPC Art 365,No,Yes,No,Environmental,Fallen Tree on Road,SOLVED (AMICABLY SETTLED),wet
11/18/2021,10:20:00 AM,clear,LUALHATI,Along the street,RECKLESS IMPRUDENCE RESULTING TO PHYSICAL INJURY - RPC Art 365,No,Yes,No,Environmental,Fallen Tree on Road,SOLVED (AMICABLY SETTLED),dry
11/19/2021,11:15:00 PM,foggy,SESSION GOV. PACK,Along the street,RECKLESS IMPRUDENCE RESULTING TO DAMAGE TO PROPERTY - RPC Art 365,No,No,Yes,Traffic Management Factors,Defective Traffic Lights,SOLVED (AMICABLY SETTLED),damp
11/20/2021,11:00:00 PM,rainy,RIZAL MONUMENT AREA,Along the street,RECKLESS IMPRUDENCE RESULTING TO DAMAGE TO PROPERTY - RPC Art 365,No,No,Yes,Human Error,Speeding,SOLVED (AMICABLY SETTLED),wet
11/20/2021,12:15:00 AM,clear,IRISAN,Along the street,RECKLESS IMPRUDENCE RESULTING TO MULTIPLE PHYSICAL INJURY - RPC Art 365,No,Yes,No,Traffic Management Factors,Construction Without Warning Signs,SOLVED (AMICABLY SETTLED),dry
11/22/2021,11:00:00 PM,clear,RIZAL MONUMENT AREA,Along the street,RECKLESS IMPRUDENCE RESULTING TO MULTIPLE PHYSICAL INJURY - RPC Art 365,No,Yes,No,Human Error,Speeding,SOLVED (AMICABLY SETTLED),dry
11/24/2021,8:09:00 PM,rainy,BAKAKENG CENTRAL,Along the street,RECKLESS IMPRUDENCE RESULTING TO DAMAGE TO PROPERTY - RPC Art 365,No,No,Yes,Environmental,Erosion of Roadside,SOLVED (SUSPECT IDENTIFIED-VICTIM REFUSED TO FILE CHARGES),wet
11/26/2021,6:20:00 PM,foggy,IRISAN,Along the street,RECKLESS IMPRUDENCE RESULTING TO MULTIPLE PHYSICAL INJURY - RPC Art 365,No,Yes,No,Human Error,Inattention,SOLVED (AMICABLY SETTLED),damp
11/25/2021,3:30:00 PM,clear,SOUTH DRIVE,Along the street,RECKLESS IMPRUDENCE RESULTING TO DAMAGE TO PROPERTY - RPC Art 365,No,No,Yes,Environmental,Fallen Tree on Road,SOLVED (AMICABLY SETTLED),dry
11/25/2021,7:05:00 PM,rainy,QUEZON HILL PROPER,Commercial/Business Establishment,RECKLESS IMPRUDENCE RESULTING TO DAMAGE TO PROPERTY - RPC Art 365,No,No,Yes,Human Error,Illegal Overtaking,SOLVED (AMICABLY SETTLED),wet
11/26/2021,3:30:00 PM,foggy,OUTLOOK DRIVE,Along the street,RECKLESS IMPRUDENCE RESULTING TO DAMAGE TO PROPERTY - RPC Art 365,No,No,Yes,Traffic Management Factors,Construction Without Warning Signs,SOLVED (AMICABLY SETTLED),damp
11/26/2021,11:56:00 AM,rainy,SOUTH DRIVE,Along the street,RECKLESS IMPRUDENCE RESULTING TO DAMAGE TO PROPERTY - RPC Art 365,No,No,Yes,Environmental,Slippery Road due to Rain,SOLVED (AMICABLY SETTLED),wet
11/26/2021,7:53:00 AM,clear,SOUTH DRIVE,Along the street,RECKLESS IMPRUDENCE RESULTING TO DAMAGE TO PROPERTY - RPC Art 365,No,No,Yes,Traffic Management Factors,Defective Traffic Lights,SOLVED (AMICABLY SETTLED),dry
11/27/2021,10:30:00 PM,foggy,DONTOGAN,Along the street,RECKLESS IMPRUDENCE RESULTING TO DAMAGE TO PROPERTY - RPC Art 365,No,No,Yes,Environmental,Erosion of Roadside,SOLVED (AMICABLY SETTLED),damp
11/27/2021,6:40:00 PM,rainy,CABINET HILL-TEACHER'S CAMP,Along the street,RECKLESS IMPRUDENCE RESULTING TO DAMAGE TO PROPERTY - RPC Art 365,No,No,Yes,Environmental,Erosion of Roadside,SOLVED (AMICABLY SETTLED),wet
11/28/2021,1:11:00 PM,clear,GIBRALTAR,Along the street,RECKLESS IMPRUDENCE RESULTING TO DAMAGE TO PROPERTY - RPC Art 365,No,No,Yes,Human Error,Speeding,SOLVED (SUSPECT IDENTIFIED-VICTIM REFUSED TO FILE CHARGES),dry
11/29/2021,7:30:00 PM,rainy,KAGITINGAN,Along the street,RECKLESS IMPRUDENCE RESULTING TO DAMAGE TO PROPERTY - RPC Art 365,No,No,Yes,Traffic Management Factors,Blocked Intersection,SOLVED (AMICABLY SETTLED),wet
11/29/2021,4:15:00 PM,foggy,SESSION GOV. PACK,Along the street,RECKLESS IMPRUDENCE RESULTING TO DAMAGE TO PROPERTY - RPC Art 365,No,No,Yes,Environmental,Erosion of Roadside,SOLVED (AMICABLY SETTLED),damp
11/29/2021,11:30:00 PM,clear,SLU-SVP HOUSING VILLAGE,Along the street,RECKLESS IMPRUDENCE RESULTING TO DAMAGE TO PROPERTY - RPC Art 365,No,No,Yes,Environmental,Fallen Tree on Road,SOLVED (SUSPECT IDENTIFIED-VICTIM REFUSED TO FILE CHARGES),dry
11/28/2021,3:45:00 PM,clear,MRR-QUEEN OF PEACE,Along the street,RECKLESS IMPRUDENCE RESULTING TO DAMAGE TO PROPERTY - RPC Art 365,No,No,Yes,Human Error,Inattention,SOLVED (AMICABLY SETTLED),dry
1/12/2021,11:45:00 AM,foggy,ST. JOSEPH (NAVY BASE),Along the street,RECKLESS IMPRUDENCE RESULTING TO DAMAGE TO PROPERTY - RPC Art 365,No,No,Yes,Traffic Management Factors,Traffic Congestion,SOLVED (AMICABLY SETTLED),damp
11/29/2021,7:38:00 PM,rainy,COUNTRY CLUB VILLAGE,Along the street,RECKLESS IMPRUDENCE RESULTING TO PHYSICAL INJURY - RPC Art 365,No,Yes,No,Human Error,Illegal Overtaking,SOLVED (AMICABLY SETTLED),wet
1/12/2021,8:32:00 AM,clear,SOUTH DRIVE,Along the street,RECKLESS IMPRUDENCE RESULTING TO DAMAGE TO PROPERTY - RPC Art 365,No,No,Yes,Environmental,Fallen Tree on Road,SOLVED (AMICABLY SETTLED),dry
2/12/2021,9:30:00 AM,rainy,IRISAN,Along the street,RECKLESS IMPRUDENCE RESULTING TO MULTIPLE PHYSICAL INJURY - RPC Art 365,No,No,Yes,Human Error,Speeding,SOLVED (AMICABLY SETTLED),wet
2/12/2021,1:30:00 AM,rainy,PACDAL,Along the street,RECKLESS IMPRUDENCE RESULTING TO DAMAGE TO PROPERTY - RPC Art 365,No,No,Yes,Environmental,Slippery Road due to Rain,SOLVED (AMICABLY SETTLED),wet
3/12/2021,8:45:00 PM,clear,BAKAKENG CENTRAL,Along the street,RECKLESS IMPRUDENCE RESULTING TO DAMAGE TO PROPERTY - RPC Art 365,No,No,Yes,Environmental,Erosion of Roadside,SOLVED (AMICABLY SETTLED),dry
2/12/2021,5:55:00 PM,clear,SAN LUIS VILLAGE,Parking Area ,RECKLESS IMPRUDENCE RESULTING TO DAMAGE TO PROPERTY - RPC Art 365,No,No,Yes,Traffic Management Factors,Traffic Congestion,SOLVED (AMICABLY SETTLED),dry
2/12/2021,9:30:00 AM,foggy,QUEZON HILL PROPER,Along the street,RECKLESS IMPRUDENCE RESULTING TO DAMAGE TO PROPERTY - RPC Art 365,No,No,Yes,Human Error,Inattention,SOLVED (AMICABLY SETTLED),damp
5/12/2021,8:15:00 PM,rainy,PACDAL,Along the street,RECKLESS IMPRUDENCE RESULTING TO DAMAGE TO PROPERTY - RPC Art 365,No,No,Yes,Traffic Management Factors,Blocked Intersection,SOLVED (AMICABLY SETTLED),wet
4/12/2021,1:30:00 AM,clear,AZCKO,Along the street,RECKLESS IMPRUDENCE RESULTING TO DAMAGE TO PROPERTY - RPC Art 365,No,No,Yes,Traffic Management Factors,Traffic Congestion,SOLVED (AMICABLY SETTLED),dry
5/12/2021,8:45:00 AM,rainy,BURNHAM-LEGARDA,Along the street,RECKLESS IMPRUDENCE RESULTING TO PHYSICAL INJURY - RPC Art 365,No,No,Yes,Environmental,Erosion of Roadside,SOLVED (AMICABLY SETTLED),wet
7/12/2021,8:20:00 AM,foggy,SOUTH DRIVE,Vacant Lot ,RECKLESS IMPRUDENCE RESULTING TO DAMAGE TO PROPERTY - RPC Art 365,No,No,Yes,Traffic Management Factors,Blocked Intersection,SOLVED (AMICABLY SETTLED),damp
6/12/2021,1:30:00 PM,clear,KAGITINGAN,Along the street,RECKLESS IMPRUDENCE RESULTING TO DAMAGE TO PROPERTY - RPC Art 365,No,Yes,No,Environmental,Fallen Tree on Road,SOLVED (SUSPECT IDENTIFIED-VICTIM REFUSED TO FILE CHARGES),dry
6/12/2021,9:00:00 PM,clear,SCOUT BARRIO,Along the street,RECKLESS IMPRUDENCE RESULTING TO MULTIPLE PHYSICAL INJURY - RPC Art 365,No,Yes,No,Traffic Management Factors,Defective Traffic Lights,SOLVED (SUSPECT IDENTIFIED-VICTIM REFUSED TO FILE CHARGES),dry
7/12/2021,7:00:00 PM,foggy,PINSAO PROPER,Along the street,RECKLESS IMPRUDENCE RESULTING TO HOMICIDE - RPC Art 365,Yes,No,No,Human Error,Inattention,SOLVED (FILED-ARRESTED),damp
6/12/2021,8:45:00 PM,rainy,CABINET HILL-TEACHER'S CAMP,Along the street,RECKLESS IMPRUDENCE RESULTING TO PHYSICAL INJURY - RPC Art 365,No,No,Yes,Environmental,Fallen Tree on Road,SOLVED (SUSPECT IDENTIFIED-VICTIM REFUSED TO FILE CHARGES),wet
7/12/2021,10:45:00 AM,clear,LUALHATI,Along the street,RECKLESS IMPRUDENCE RESULTING TO DAMAGE TO PROPERTY - RPC Art 365,No,No,Yes,Human Error,Speeding,SOLVED (AMICABLY SETTLED),dry
8/12/2021,7:55:00 PM,rainy,IMELDA VILLAGE,Along the street,RECKLESS IMPRUDENCE RESULTING TO DAMAGE TO PROPERTY - RPC Art 365,No,No,Yes,Traffic Management Factors,Defective Traffic Lights,SOLVED (SUSPECT IDENTIFIED-VICTIM REFUSED TO FILE CHARGES),wet
9/12/2021,3:35:00 PM,foggy,PACDAL,Along the street,RECKLESS IMPRUDENCE RESULTING TO DAMAGE TO PROPERTY - RPC Art 365,No,No,Yes,Environmental,Erosion of Roadside,SOLVED (AMICABLY SETTLED),damp
9/12/2021,11:05:00 AM,clear,ST. JOSEPH (NAVY BASE),Along the street,RECKLESS IMPRUDENCE RESULTING TO DAMAGE TO PROPERTY - RPC Art 365,No,No,Yes,Traffic Management Factors,Traffic Congestion,SOLVED (AMICABLY SETTLED),dry
12/12/2021,11:30:00 AM,clear,AZCKO,Along the street,RECKLESS IMPRUDENCE RESULTING TO DAMAGE TO PROPERTY - RPC Art 365,No,No,Yes,Environmental,Fallen Tree on Road,SOLVED (AMICABLY SETTLED),dry
9/12/2021,10:06:00 PM,foggy,BAKAKENG CENTRAL,Residential ,RECKLESS IMPRUDENCE RESULTING TO DAMAGE TO PROPERTY - RPC Art 365,No,No,Yes,Human Error,Inattention,SOLVED (AMICABLY SETTLED),damp
11/12/2021,10:43:00 PM,rainy,IMELDA BARANGAY,Along the street,RECKLESS IMPRUDENCE RESULTING TO DAMAGE TO PROPERTY - RPC Art 365,No,Yes,No,Traffic Management Factors,Blocked Intersection,SOLVED (AMICABLY SETTLED),wet
11/12/2021,4:15:00 PM,clear,CAMPO FILIPINO,Along the street,RECKLESS IMPRUDENCE RESULTING TO DAMAGE TO PROPERTY - RPC Art 365,No,No,Yes,Environmental,Fallen Tree on Road,SOLVED (AMICABLY SETTLED),dry
12/12/2021,1:30:00 PM,rainy,SALUD MITRA,Along the street,RECKLESS IMPRUDENCE RESULTING TO DAMAGE TO PROPERTY - RPC Art 365,No,No,Yes,Environmental,Slippery Road due to Rain,SOLVED (AMICABLY SETTLED),wet
12/13/2021,8:00:00 PM,foggy,AZCKO,Along the street,RECKLESS IMPRUDENCE RESULTING TO DAMAGE TO PROPERTY - RPC Art 365,No,No,Yes,Traffic Management Factors,Construction Without Warning Signs,SOLVED (AMICABLY SETTLED),damp
12/13/2021,10:00:00 AM,clear,RIZAL MONUMENT AREA,Along the street,RECKLESS IMPRUDENCE RESULTING TO DAMAGE TO PROPERTY - RPC Art 365,No,No,Yes,Human Error,Speeding,SOLVED (AMICABLY SETTLED),dry
12/12/2021,9:00:00 PM,clear,QUEZON HILL PROPER,Along the street,RECKLESS IMPRUDENCE RESULTING TO DAMAGE TO PROPERTY - RPC Art 365,No,No,Yes,Human Error,Inattention,SOLVED (SUSPECT IDENTIFIED-VICTIM REFUSED TO FILE CHARGES),dry
12/13/2021,8:00:00 AM,foggy,PACDAL,Along the street,RECKLESS IMPRUDENCE RESULTING TO DAMAGE TO PROPERTY - RPC Art 365,No,No,Yes,Traffic Management Factors,Blocked Intersection,SOLVED (AMICABLY SETTLED),damp
12/14/2021,2:32:00 PM,rainy,KABAYANIHAN,Along the street,RECKLESS IMPRUDENCE RESULTING TO PHYSICAL INJURY - RPC Art 365,No,Yes,No,Environmental,Erosion of Roadside,SOLVED (AMICABLY SETTLED),wet
12/15/2021,8:44:00 PM,clear,MILITARY CUT-OFF,Along the street,RECKLESS IMPRUDENCE RESULTING TO PHYSICAL INJURY - RPC Art 365,No,Yes,No,Traffic Management Factors,Traffic Congestion,SOLVED (AMICABLY SETTLED),dry
12/15/2021,9:00:00 AM,rainy,IMELDA BARANGAY,Along the street,RECKLESS IMPRUDENCE RESULTING TO PHYSICAL INJURY - RPC Art 365,No,No,Yes,Traffic Management Factors,Defective Traffic Lights,SOLVED (AMICABLY SETTLED),wet
12/16/2021,11:30:00 PM,foggy,IMELDA BARANGAY,Along the street,RECKLESS IMPRUDENCE RESULTING TO DAMAGE TO PROPERTY - RPC Art 365,No,No,Yes,Environmental,Fallen Tree on Road,SOLVED (AMICABLY SETTLED),damp
12/15/2021,6:20:00 AM,clear,PACDAL,Along the street,RECKLESS IMPRUDENCE RESULTING TO PHYSICAL INJURY - RPC Art 365,No,No,Yes,Traffic Management Factors,Traffic Congestion,SOLVED (SUSPECT IDENTIFIED-VICTIM REFUSED TO FILE CHARGES),dry
12/16/2021,8:30:00 PM,clear,SESSION GOV. PACK,Along the street,RECKLESS IMPRUDENCE RESULTING TO DAMAGE TO PROPERTY - RPC Art 365,No,No,Yes,Traffic Management Factors,Traffic Congestion,SOLVED (AMICABLY SETTLED),dry
12/16/2021,8:45:00 AM,rainy,SESSION GOV. PACK,Along the street,RECKLESS IMPRUDENCE RESULTING TO DAMAGE TO PROPERTY - RPC Art 365,No,No,Yes,Environmental,Slippery Road due to Rain,SOLVED (AMICABLY SETTLED),wet
12/16/2021,3:30:00 PM,rainy,QUEZON HILL PROPER,Along the street,RECKLESS IMPRUDENCE RESULTING TO DAMAGE TO PROPERTY - RPC Art 365,No,No,Yes,Human Error,Speeding,SOLVED (AMICABLY SETTLED),wet
12/16/2021,2:30:00 PM,clear,PACDAL,Along the street,RECKLESS IMPRUDENCE RESULTING TO DAMAGE TO PROPERTY - RPC Art 365,No,No,Yes,Environmental,Erosion of Roadside,SOLVED (AMICABLY SETTLED),dry
12/16/2021,3:20:00 AM,rainy,BAYAN PARK WEST (BAYAN PARK),Along the street,RECKLESS IMPRUDENCE RESULTING TO DAMAGE TO PROPERTY - RPC Art 365,No,No,No,Traffic Management Factors,Construction Without Warning Signs,SOLVED (AMICABLY SETTLED),wet
12/18/2021,11:25:00 PM,foggy,BURNHAM-LEGARDA,Along the street,RECKLESS IMPRUDENCE RESULTING TO DAMAGE TO PROPERTY - RPC Art 365,No,Yes,No,Human Error,Inattention,SOLVED (AMICABLY SETTLED),damp
12/18/2021,7:55:00 PM,clear,HARRISON-CLAUDIO CARANTES,Along the street,RECKLESS IMPRUDENCE RESULTING TO PHYSICAL INJURY - RPC Art 365,No,Yes,No,Environmental,Erosion of Roadside,SOLVED (AMICABLY SETTLED),dry
12/18/2021,1:45:00 PM,clear,HARRISON-CLAUDIO CARANTES,Along the street,RECKLESS IMPRUDENCE RESULTING TO MULTIPLE DAMAGE TO PROPERTY - RPC Art 365,No,Yes,Yes,Traffic Management Factors,Defective Traffic Lights,SOLVED (AMICABLY SETTLED),dry
12/18/2021,12:40:00 PM,foggy,AZCKO,Along the street,RECKLESS IMPRUDENCE RESULTING TO DAMAGE TO PROPERTY - RPC Art 365,No,No,Yes,Traffic Management Factors,Construction Without Warning Signs,SOLVED (AMICABLY SETTLED),damp
12/18/2021,7:50:00 AM,rainy,SESSION GOV. PACK,Along the street,RECKLESS IMPRUDENCE RESULTING TO DAMAGE TO PROPERTY - RPC Art 365,No,Yes,No,Human Error,Speeding,SOLVED (AMICABLY SETTLED),wet
12/18/2021,7:26:00 AM,clear,AZCKO,Along the street,RECKLESS IMPRUDENCE RESULTING TO DAMAGE TO PROPERTY - RPC Art 365,No,No,Yes,Environmental,Fallen Tree on Road,SOLVED (AMICABLY SETTLED),dry
12/17/2021,10:45:00 AM,rainy,ST. JOSEPH (NAVY BASE),Along the street,RECKLESS IMPRUDENCE RESULTING TO DAMAGE TO PROPERTY - RPC Art 365,No,No,Yes,Human Error,Inattention,SOLVED (AMICABLY SETTLED),wet
12/18/2021,10:00:00 PM,foggy,HONEYMOON (HONEYMOON-HOLY GHOST),Along the street,RECKLESS IMPRUDENCE RESULTING TO PHYSICAL INJURY - RPC Art 365,No,Yes,No,Traffic Management Factors,Defective Traffic Lights,SOLVED (AMICABLY SETTLED),damp
12/18/2021,10:00:00 PM,clear,HONEYMOON (HONEYMOON-HOLY GHOST),Along the street,RECKLESS IMPRUDENCE RESULTING TO DAMAGE TO PROPERTY - RPC Art 365,No,Yes,No,Traffic Management Factors,Blocked Intersection,SOLVED (AMICABLY SETTLED),dry
12/19/2021,6:45:00 PM,rainy,SESSION GOV. PACK,Along the street,RECKLESS IMPRUDENCE RESULTING TO DAMAGE TO PROPERTY - RPC Art 365,No,No,Yes,Traffic Management Factors,Defective Traffic Lights,SOLVED (AMICABLY SETTLED),wet
12/19/2021,5:20:00 PM,foggy,KAGITINGAN,Along the street,RECKLESS IMPRUDENCE RESULTING TO DAMAGE TO PROPERTY - RPC Art 365,No,No,Yes,Traffic Management Factors,Blocked Intersection,SOLVED (AMICABLY SETTLED),damp
12/19/2021,7:00:00 AM,clear,AZCKO,Along the street,RECKLESS IMPRUDENCE RESULTING TO DAMAGE TO PROPERTY - RPC Art 365,No,No,Yes,Traffic Management Factors,Traffic Congestion,SOLVED (AMICABLY SETTLED),dry
12/20/2021,3:20:00 PM,clear,KAGITINGAN,Along the street,RECKLESS IMPRUDENCE RESULTING TO DAMAGE TO PROPERTY - RPC Art 365,No,No,Yes,Environmental,Fallen Tree on Road,SOLVED (AMICABLY SETTLED),dry
12/19/2021,1:55:00 AM,foggy,BAKAKENG NORTE/SUR,Along the street,RECKLESS IMPRUDENCE RESULTING TO PHYSICAL INJURY - RPC Art 365,No,Yes,No,Environmental,Erosion of Roadside,SOLVED (AMICABLY SETTLED),damp
12/22/2021,1:20:00 PM,rainy,SOUTH DRIVE,Along the street,RECKLESS IMPRUDENCE RESULTING TO DAMAGE TO PROPERTY - RPC Art 365,No,No,Yes,Traffic Management Factors,Blocked Intersection,SOLVED (SUSPECT IDENTIFIED-VICTIM REFUSED TO FILE CHARGES),wet
12/22/2021,6:40:00 PM,clear,MILITARY CUT-OFF,Along the street,RECKLESS IMPRUDENCE RESULTING TO DAMAGE TO PROPERTY - RPC Art 365,No,No,Yes,Human Error,Speeding,SOLVED (AMICABLY SETTLED),dry
12/22/2021,12:35:00 PM,rainy,"MAGSAYSAY, UPPER",Along the street,RECKLESS IMPRUDENCE RESULTING TO DAMAGE TO PROPERTY - RPC Art 365,No,No,Yes,Environmental,Fallen Tree on Road,SOLVED (AMICABLY SETTLED),wet
12/22/2021,6:00:00 AM,clear,BAKAKENG CENTRAL,Along the street,RECKLESS IMPRUDENCE RESULTING TO PHYSICAL INJURY - RPC Art 365,No,Yes,No,Environmental,Fallen Tree on Road,SOLVED (AMICABLY SETTLED),dry
12/23/2021,1:40:00 PM,clear,PINSAO PROPER,Along the street,RECKLESS IMPRUDENCE RESULTING TO HOMICIDE - RPC Art 365,Yes,No,No,Human Error,Illegal Overtaking,SOLVED (FILED-ARRESTED),dry
12/23/2021,11:40:00 PM,foggy,PACDAL,Along the street,RECKLESS IMPRUDENCE RESULTING TO DAMAGE TO PROPERTY - RPC Art 365,No,No,Yes,Traffic Management Factors,Traffic Congestion,SOLVED (SUSPECT IDENTIFIED-VICTIM REFUSED TO FILE CHARGES),damp
12/24/2021,2:45:00 PM,rainy,RIZAL MONUMENT AREA,Along the street,RECKLESS IMPRUDENCE RESULTING TO DAMAGE TO PROPERTY - RPC Art 365,No,No,Yes,Environmental,Erosion of Roadside,SOLVED (AMICABLY SETTLED),wet
12/24/2021,3:45:00 PM,clear,SESSION GOV. PACK,Along the street,RECKLESS IMPRUDENCE RESULTING TO DAMAGE TO PROPERTY - RPC Art 365,No,No,Yes,Human Error,Inattention,SOLVED (SUSPECT IDENTIFIED-VICTIM REFUSED TO FILE CHARGES),dry
12/24/2021,10:15:00 AM,rainy,KAYANG EXTENSION,Along the street,RECKLESS IMPRUDENCE RESULTING TO DAMAGE TO PROPERTY - RPC Art 365,No,No,Yes,Human Error,Speeding,SOLVED (AMICABLY SETTLED),wet
12/24/2021,1:24:00 AM,foggy,BGH COMPOUND,Along the street,RECKLESS IMPRUDENCE RESULTING TO DAMAGE TO PROPERTY - RPC Art 365,No,No,Yes,Human Error,Inattention,SOLVED (AMICABLY SETTLED),damp
12/25/2021,4:35:00 PM,clear,SESSION GOV. PACK,Along the street,RECKLESS IMPRUDENCE RESULTING TO DAMAGE TO PROPERTY - RPC Art 365,No,No,Yes,Human Error,Illegal Overtaking,SOLVED (AMICABLY SETTLED),dry
12/25/2021,12:50:00 PM,clear,SOUTH DRIVE,Along the street,RECKLESS IMPRUDENCE RESULTING TO MULTIPLE DAMAGE TO PROPERTY - RPC Art 365,No,No,Yes,Traffic Management Factors,Blocked Intersection,SOLVED (SUSPECT IDENTIFIED-VICTIM REFUSED TO FILE CHARGES),dry
12/25/2021,12:45:00 AM,foggy,MRR-QUEEN OF PEACE,Along the street,RECKLESS IMPRUDENCE RESULTING TO PHYSICAL INJURY - RPC Art 365,No,Yes,No,Traffic Management Factors,Traffic Congestion,SOLVED (AMICABLY SETTLED),damp
12/27/2021,10:45:00 AM,rainy,IRISAN,Along the street,RECKLESS IMPRUDENCE RESULTING TO DAMAGE TO PROPERTY - RPC Art 365,No,No,Yes,Traffic Management Factors,Defective Traffic Lights,SOLVED (AMICABLY SETTLED),wet
12/27/2021,11:10:00 AM,clear,SESSION GOV. PACK,Along the street,RECKLESS IMPRUDENCE RESULTING TO DAMAGE TO PROPERTY - RPC Art 365,No,No,Yes,Traffic Management Factors,Blocked Intersection,SOLVED (AMICABLY SETTLED),dry
12/27/2021,12:13:00 PM,clear,HONEYMOON (HONEYMOON-HOLY GHOST),Along the street,RECKLESS IMPRUDENCE RESULTING TO DAMAGE TO PROPERTY - RPC Art 365,No,No,Yes,Traffic Management Factors,Blocked Intersection,SOLVED (SUSPECT IDENTIFIED-VICTIM REFUSED TO FILE CHARGES),dry
12/28/2021,10:15:00 PM,rainy,BURNHAM-LEGARDA,Along the street,RECKLESS IMPRUDENCE RESULTING TO DAMAGE TO PROPERTY - RPC Art 365,No,No,Yes,Traffic Management Factors,Defective Traffic Lights,SOLVED (AMICABLY SETTLED),wet
12/28/2021,2:15:00 PM,foggy,MILITARY CUT-OFF,Along the street,RECKLESS IMPRUDENCE RESULTING TO DAMAGE TO PROPERTY - RPC Art 365,No,No,Yes,Environmental,Fallen Tree on Road,SOLVED (AMICABLY SETTLED),damp
12/28/2021,1:15:00 PM,foggy,MILITARY CUT-OFF,Along the street,RECKLESS IMPRUDENCE RESULTING TO DAMAGE TO PROPERTY - RPC Art 365,No,No,Yes,Environmental,Fallen Tree on Road,SOLVED (AMICABLY SETTLED),damp
12/28/2021,3:40:00 PM,foggy,RIZAL MONUMENT AREA,Along the street,RECKLESS IMPRUDENCE RESULTING TO DAMAGE TO PROPERTY - RPC Art 365,No,No,Yes,Human Error,Inattention,SOLVED (AMICABLY SETTLED),damp
12/28/2021,7:00:00 PM,clear,KABAYANIHAN,Along the street,RECKLESS IMPRUDENCE RESULTING TO PHYSICAL INJURY - RPC Art 365,No,Yes,No,Traffic Management Factors,Traffic Congestion,SOLVED (SUSPECT IDENTIFIED-VICTIM REFUSED TO FILE CHARGES),dry
12/27/2021,7:11:00 PM,rainy,RIZAL MONUMENT AREA,Along the street,RECKLESS IMPRUDENCE RESULTING TO DAMAGE TO PROPERTY - RPC Art 365,No,No,Yes,Human Error,Speeding,SOLVED (AMICABLY SETTLED),wet
12/28/2021,10:47:00 AM,rainy,DONTOGAN,Along the street,RECKLESS IMPRUDENCE RESULTING TO DAMAGE TO PROPERTY - RPC Art 365,No,No,Yes,Traffic Management Factors,Blocked Intersection,SOLVED (AMICABLY SETTLED),wet
12/29/2021,11:50:00 PM,clear,BAKAKENG NORTE/SUR,Along the street,RECKLESS IMPRUDENCE RESULTING TO DAMAGE TO PROPERTY - RPC Art 365,No,No,Yes,Traffic Management Factors,Traffic Congestion,SOLVED (SUSPECT IDENTIFIED-VICTIM REFUSED TO FILE CHARGES),dry
12/28/2021,3:20:00 PM,clear,SAN ROQUE VILLAGE,Along the street,RECKLESS IMPRUDENCE RESULTING TO DAMAGE TO PROPERTY - RPC Art 365,No,No,Yes,Human Error,Inattention,SOLVED (AMICABLY SETTLED),dry
12/28/2021,9:45:00 AM,clear,DOMINICAN MIRADOR HILL,Along the street,RECKLESS IMPRUDENCE RESULTING TO DAMAGE TO PROPERTY - RPC Art 365,No,No,Yes,Traffic Management Factors,Defective Traffic Lights,SOLVED (AMICABLY SETTLED),dry
12/29/2021,5:40:00 AM,foggy,BGH COMPOUND,Along the street,RECKLESS IMPRUDENCE RESULTING TO HOMICIDE - RPC Art 365,No,No,No,Environmental,Erosion of Roadside,SOLVED (FILED-ARRESTED),damp
12/31/2021,11:00:00 AM,rainy,PACDAL,Along the street,RECKLESS IMPRUDENCE RESULTING TO DAMAGE TO PROPERTY - RPC Art 365,No,No,Yes,Environmental,Slippery Road due to Rain,SOLVED (AMICABLY SETTLED),wet
12/31/2021,9:30:00 PM,rainy,QUEZON HILL UPPER,Along the street,RECKLESS IMPRUDENCE RESULTING TO DAMAGE TO PROPERTY - RPC Art 365,No,No,Yes,Environmental,Erosion of Roadside,SOLVED (AMICABLY SETTLED),wet
12/31/2021,8:05:00 AM,clear,VICTORIA VILLAGE,Along the street,RECKLESS IMPRUDENCE RESULTING TO PHYSICAL INJURY - RPC Art 365,No,Yes,No,Environmental,Fallen Tree on Road,SOLVED (AMICABLY SETTLED),dry
